Sexo;Edad;Promedio;Ingresos;Trabaja;Altura;Peso;Civil
Mujer;19;4,2;300;Si;1,73;80,14;Soltero
Hombre;27;4,9;259;Si;1,73;53,42;Casado
Hombre;22;4,4;197;Si;1,66;59,56;Casado
Mujer;30;3,2;115;No;1,73;68,56;Casado
Hombre;29;3,1;58;Si;1,6;58,1;Uni-lib
Mujer;29;4,4;128;No;1,51;70,61;Casado
Mujer;19;3,4;164;No;1,55;74,94;Uni-lib
Mujer;16;4;212;No;1,64;82,12;Soltero
Hombre;25;3,4;285;No;1,78;88,77;Soltero
Hombre;23;3,6;475;No;1,62;59,6;Casado
Hombre;18;4,1;182;Si;1,47;63,98;Soltero
Hombre;26;3,3;238;No;1,66;88,73;Casado
Hombre;21;3,7;259;No;1,44;66,74;Soltero
Hombre;16;3,5;352;Si;1,43;74,56;Soltero
Hombre;19;3,8;356;Si;1,47;53,48;Uni-lib
Mujer;24;4,4;417;No;1,44;70,56;Casado
Hombre;15;3,3;491;Si;1,56;52,12;Uni-lib
Mujer;24;4,3;147;No;1,74;78,4;Uni-lib
Hombre;19;3,9;369;No;1,6;49,37;Casado
Hombre;17;4;245;Si;1,65;56,01;Uni-lib
Hombre;16;4,8;271;No;1,68;48,96;Uni-lib
Mujer;19;3,6;243;Si;1,65;62,84;Uni-lib
Mujer;22;3,3;488;Si;1,75;74,31;Soltero
Hombre;24;3,7;333;No;1,51;48,08;Soltero
Mujer;16;3,6;226;No;1,76;67,87;Uni-lib
Mujer;22;3,6;330;Si;1,68;84,54;Casado
Hombre;29;3,2;432;Si;1,42;84,75;Uni-lib
Hombre;27;4,7;402;No;1,51;68,72;Soltero
Hombre;26;3,4;133;Si;1,41;81,69;Uni-lib
Mujer;26;4,6;211;No;1,7;61,71;Uni-lib
Mujer;27;3,6;114;No;1,71;48,96;Soltero
Mujer;27;3,2;361;Si;1,65;76,79;Uni-lib
Mujer;21;4,7;301;No;1,43;46,94;Uni-lib
Mujer;25;3;360;No;1,52;67,08;Casado
Hombre;27;3,8;355;Si;1,77;74,24;Soltero
Hombre;23;3,9;385;No;1,73;72,85;Casado
Mujer;17;4,3;356;Si;1,47;81,17;Soltero
Hombre;18;3,2;412;Si;1,7;58,27;Soltero
Mujer;30;3,8;256;Si;1,78;69,11;Soltero
Mujer;19;3,3;325;No;1,58;61,16;Casado
Hombre;26;4,7;228;No;1,59;68,68;Soltero
Hombre;20;3,6;370;Si;1,54;54,77;Casado
Hombre;25;3,1;256;Si;1,48;53,34;Uni-lib
Hombre;28;4,4;60;Si;1,48;80,98;Uni-lib
Mujer;20;5;359;Si;1,5;74,93;Uni-lib
Mujer;30;3,5;384;No;1,5;69,23;Casado
Mujer;21;3,9;381;No;1,66;60,41;Casado
Hombre;28;3,6;223;No;1,54;88,41;Casado
Hombre;15;3,9;234;No;1,57;73,86;Casado
Mujer;26;3,1;111;Si;1,5;45,06;Uni-lib
Mujer;30;3,4;343;No;1,68;82,13;Uni-lib
Mujer;29;3,7;146;Si;1,8;45,36;Casado
Mujer;28;3,6;226;No;1,5;78,03;Uni-lib
Mujer;29;4;186;Si;1,73;71,96;Soltero
Mujer;30;3,8;381;Si;1,67;76,48;Casado
Hombre;18;3,2;298;Si;1,54;88,43;Soltero
Mujer;27;4,8;419;No;1,49;82,01;Uni-lib
Mujer;18;4,3;488;No;1,73;53,69;Uni-lib
Mujer;23;4,3;439;Si;1,45;74,46;Casado
Hombre;23;3,1;456;Si;1,61;60,11;Soltero
Mujer;24;3,8;55;Si;1,66;63,17;Uni-lib
Mujer;28;5;366;Si;1,5;63,76;Casado
Hombre;20;3,1;419;Si;1,52;56,22;Uni-lib
Hombre;24;4,2;340;Si;1,49;55,77;Uni-lib
Mujer;19;4,3;132;No;1,47;63,4;Uni-lib
Mujer;27;3,9;235;Si;1,42;62,94;Soltero
Mujer;26;4,4;362;No;1,42;47,03;Uni-lib
Mujer;23;4,1;451;Si;1,73;56,2;Soltero
Hombre;22;4,8;187;No;1,63;55,99;Casado
Mujer;20;4,6;215;Si;1,61;52,81;Soltero
Hombre;28;4,4;111;Si;1,73;51,68;Casado
Mujer;19;4,6;242;No;1,6;79,56;Uni-lib
Hombre;26;4,7;420;Si;1,53;53,96;Uni-lib
Mujer;18;3,6;100;No;1,57;80,1;Uni-lib
Hombre;24;3,2;363;No;1,78;57,59;Casado
Mujer;23;4,7;153;Si;1,74;54,78;Uni-lib
Mujer;26;3,3;78;No;1,41;80,38;Casado
Hombre;18;4,2;406;Si;1,45;60,77;Soltero
Hombre;15;4,2;435;No;1,58;69,24;Uni-lib
Mujer;28;4,7;76;Si;1,52;69,78;Uni-lib
Mujer;18;3,7;209;Si;1,69;77,71;Soltero
Mujer;22;3,7;336;No;1,66;85,73;Casado
Hombre;17;3,3;285;No;1,63;46,48;Casado
Mujer;21;4,2;78;Si;1,48;60,43;Soltero
Hombre;19;4,6;304;Si;1,63;72,72;Soltero
Hombre;21;4,2;322;Si;1,65;50,23;Uni-lib
Hombre;17;3,2;404;Si;1,66;63,01;Soltero
Hombre;21;4;208;Si;1,71;60,88;Uni-lib
Mujer;27;3,6;355;Si;1,43;85,14;Soltero
Hombre;29;5;442;No;1,71;81,3;Soltero
Mujer;17;3,1;452;No;1,65;46,22;Uni-lib
Mujer;26;4,3;176;No;1,58;62,69;Uni-lib
Mujer;30;3,3;208;No;1,64;81,08;Soltero
Mujer;29;4;485;No;1,65;86,09;Casado
Mujer;27;4;314;No;1,75;85,29;Casado
Mujer;22;4,8;171;No;1,77;51,53;Uni-lib
Mujer;20;3,7;296;No;1,65;89,55;Uni-lib
Mujer;21;4,5;252;No;1,51;60,46;Casado
Hombre;24;3,3;447;Si;1,63;72,04;Uni-lib
Hombre;16;4,6;472;No;1,75;49,38;Soltero
Hombre;20;4,2;291;Si;1,6;82,51;Uni-lib
Mujer;20;4,2;383;No;1,58;45,39;Casado
Mujer;24;4,1;213;Si;1,53;52,07;Casado
Mujer;22;4,2;378;Si;1,49;75,04;Casado
Hombre;27;4,1;144;Si;1,69;75,72;Casado
Mujer;19;3,6;456;No;1,69;76,38;Uni-lib
Mujer;19;3,3;311;Si;1,77;82,05;Casado
Mujer;20;3,8;275;No;1,69;55,83;Casado
Hombre;22;3,9;252;Si;1,53;59,85;Casado
Hombre;17;3,5;457;Si;1,66;58,98;Casado
Mujer;25;3,6;166;Si;1,72;73,42;Casado
Hombre;24;3,2;60;Si;1,65;46,12;Soltero
Hombre;19;4,8;474;No;1,45;48,5;Casado
Hombre;24;3,5;403;No;1,78;71,28;Casado
Hombre;17;3,5;92;No;1,77;72,5;Soltero
Hombre;25;3,2;179;No;1,43;81,73;Casado
Mujer;20;4,9;216;No;1,61;45,41;Soltero
Mujer;30;3,2;394;No;1,46;76,53;Uni-lib
Mujer;26;4;276;No;1,72;49,94;Uni-lib
Mujer;16;4,5;451;Si;1,74;86,23;Soltero
Hombre;16;3,1;89;No;1,43;78,85;Casado
Mujer;15;3,3;483;Si;1,69;89,75;Uni-lib
Mujer;24;4;149;Si;1,51;72,05;Soltero
Hombre;19;5;490;Si;1,56;59,99;Uni-lib
Mujer;17;4,6;331;No;1,57;87,51;Soltero
Hombre;23;4,5;114;No;1,49;62,77;Casado
Hombre;20;4,6;467;Si;1,49;89,01;Uni-lib
Mujer;25;4,1;165;Si;1,65;80,45;Uni-lib
Mujer;27;3,3;309;Si;1,43;64,36;Uni-lib
Hombre;21;3,6;426;No;1,43;54,06;Casado
Mujer;16;4,8;151;Si;1,77;70,96;Casado
Hombre;27;4,3;138;No;1,79;62,23;Casado
Mujer;19;3,5;400;No;1,57;77,86;Casado
Mujer;16;3,6;119;No;1,57;68,78;Casado
Hombre;23;4;328;Si;1,59;51,43;Casado
Hombre;16;4,4;351;No;1,47;45,37;Uni-lib
Hombre;18;4,1;86;No;1,79;58,84;Uni-lib
Mujer;24;3,9;434;No;1,42;47,1;Casado
Mujer;23;5;249;No;1,77;49,47;Uni-lib
Hombre;28;3,8;398;Si;1,71;71,77;Soltero
Mujer;23;3,1;476;Si;1,46;86,6;Casado
Mujer;16;3,9;445;Si;1,48;67,48;Soltero
Hombre;20;4,5;498;Si;1,59;48,32;Uni-lib
Hombre;17;4,8;414;No;1,55;86,45;Soltero
Hombre;16;4,3;166;No;1,78;45,7;Soltero
Mujer;19;4,8;170;No;1,58;50,12;Soltero
Hombre;18;4,2;216;No;1,54;45,17;Casado
Mujer;18;3,9;396;No;1,59;85,9;Uni-lib
Hombre;21;4,4;170;No;1,72;68,83;Soltero
Hombre;18;5;393;Si;1,61;63,24;Soltero
Hombre;23;3,5;352;Si;1,74;81,59;Soltero
Hombre;22;4,8;189;No;1,71;55,75;Soltero
Mujer;23;3,2;265;Si;1,71;74,48;Casado
Hombre;16;3,9;429;Si;1,75;62,69;Casado
Mujer;29;4,6;404;Si;1,41;76,14;Casado
Mujer;15;4,4;244;Si;1,53;83,96;Uni-lib
Hombre;26;3,2;314;No;1,52;57,36;Soltero
Hombre;17;4,8;315;No;1,43;63,78;Soltero
Mujer;17;5;113;Si;1,65;86,46;Uni-lib
Mujer;15;4,6;306;Si;1,61;57,09;Casado
Mujer;20;4,7;153;Si;1,58;46;Casado
Mujer;24;4,8;67;No;1,68;64,57;Uni-lib
Mujer;21;4,1;362;Si;1,49;61,01;Soltero
Mujer;22;3,2;217;No;1,41;58,52;Soltero
Mujer;17;4,4;53;Si;1,72;53,45;Casado
Mujer;16;4,8;131;Si;1,78;83,3;Casado
Mujer;24;4,4;415;Si;1,51;68,27;Soltero
Mujer;24;4,8;122;No;1,64;55,98;Casado
Hombre;23;3,5;411;Si;1,71;52,73;Casado
Hombre;21;3,4;120;Si;1,44;83,06;Casado
Hombre;30;3,4;334;No;1,56;81,98;Uni-lib
Hombre;30;3,1;375;Si;1,65;64,33;Uni-lib
Mujer;22;3,4;420;No;1,76;87,53;Uni-lib
Mujer;26;4,4;408;Si;1,44;73,53;Uni-lib
Mujer;16;4,9;116;Si;1,51;64,47;Casado
Mujer;15;3,2;85;Si;1,62;60,18;Soltero
Hombre;23;3,9;413;No;1,56;74,7;Casado
Hombre;21;3,2;365;Si;1,43;50,48;Soltero
Mujer;21;4,4;251;Si;1,72;80,85;Soltero
Mujer;24;4,9;208;Si;1,74;45,7;Uni-lib
Mujer;16;4,2;211;No;1,63;74,31;Uni-lib
Mujer;28;3,6;451;No;1,43;78,32;Soltero
Hombre;18;4;360;No;1,78;50,86;Uni-lib
Hombre;29;3,6;499;Si;1,53;58,29;Casado
Mujer;19;3,3;140;Si;1,78;79,26;Uni-lib
Mujer;16;4,9;456;Si;1,54;70,36;Soltero
Mujer;18;3,5;106;Si;1,47;78,46;Soltero
Hombre;23;3,6;220;Si;1,58;80,16;Uni-lib
Hombre;27;3,4;107;No;1,48;64,59;Casado
Hombre;16;4,1;231;Si;1,62;69,29;Soltero
Mujer;23;4,8;88;No;1,63;72,23;Casado
Hombre;24;4,6;83;No;1,65;48,96;Uni-lib
Mujer;26;4,9;442;No;1,46;67,82;Uni-lib
Mujer;23;4,3;126;No;1,59;60,28;Soltero
Hombre;27;4,2;466;Si;1,66;56,85;Uni-lib
Hombre;28;4,1;197;No;1,8;65,94;Casado
Mujer;23;4,6;418;Si;1,52;76,49;Soltero
Hombre;16;3,9;180;Si;1,7;64,7;Casado
Hombre;26;4,7;319;Si;1,72;79,19;Casado
Mujer;21;4;310;Si;1,75;65,02;Uni-lib
Mujer;15;4,3;188;No;1,57;87;Uni-lib
Mujer;17;3,5;470;No;1,73;62,1;Uni-lib
Hombre;26;4,8;332;No;1,69;65,02;Casado
Mujer;29;3,7;54;No;1,7;89,15;Soltero
Hombre;28;4,6;203;Si;1,8;82,37;Soltero
Mujer;27;4,3;399;Si;1,64;57,94;Uni-lib
Hombre;27;3,1;121;No;1,63;76,46;Soltero
Hombre;23;3,5;346;Si;1,58;75,04;Soltero
Hombre;27;4;106;Si;1,64;85,26;Soltero
Hombre;22;3,4;354;No;1,58;57,27;Soltero
Mujer;19;4,3;355;No;1,79;87,42;Casado
Hombre;29;3,4;319;No;1,76;83,8;Uni-lib
Mujer;22;3,2;336;Si;1,55;89,75;Soltero
Hombre;16;3;474;No;1,57;86,26;Soltero
Mujer;23;4,2;52;No;1,65;46,32;Soltero
Hombre;25;4;205;No;1,46;69,59;Casado
Mujer;23;3;81;Si;1,54;83,07;Uni-lib
Mujer;18;3,3;261;Si;1,7;68,05;Uni-lib
Hombre;22;4,1;250;No;1,52;56,36;Uni-lib
Mujer;17;3,1;324;Si;1,56;57,22;Uni-lib
Hombre;28;5;349;Si;1,6;61,08;Casado
Hombre;23;3,6;206;Si;1,62;49,19;Casado
Mujer;21;3,4;488;Si;1,79;87,47;Casado
Hombre;17;4,5;276;No;1,68;58,15;Soltero
Hombre;17;4,8;368;Si;1,73;49,14;Casado
Mujer;29;4,1;455;No;1,42;56,61;Uni-lib
Hombre;18;3,7;157;Si;1,66;82,46;Uni-lib
Hombre;18;4,4;285;Si;1,61;86,99;Casado
Hombre;29;4,8;397;Si;1,67;55,69;Soltero
Hombre;16;4,5;238;Si;1,51;69,21;Soltero
Mujer;21;3,1;226;No;1,73;83,89;Uni-lib
Mujer;23;4,8;234;Si;1,6;75,19;Uni-lib
Hombre;17;4,2;141;Si;1,76;70,71;Casado
Mujer;21;4,7;291;Si;1,48;58,39;Soltero
Mujer;25;4,2;224;Si;1,62;77,07;Soltero
Mujer;18;3,6;123;No;1,48;82,7;Casado
Hombre;27;3,9;437;No;1,7;73,69;Uni-lib
Hombre;26;4,8;162;Si;1,79;84,4;Uni-lib
Mujer;17;3;315;Si;1,78;78,09;Uni-lib
Mujer;22;3,8;291;No;1,71;49,7;Soltero
Mujer;24;3,2;411;Si;1,59;64,33;Soltero
Hombre;19;4,9;407;Si;1,45;75,29;Uni-lib
Hombre;24;3,9;144;Si;1,54;87,06;Casado
Hombre;29;3,4;96;Si;1,64;83,89;Uni-lib
Mujer;25;4,9;66;No;1,53;72,47;Uni-lib
Mujer;24;3,9;301;Si;1,5;46,27;Uni-lib
Hombre;20;3,3;463;No;1,54;87,47;Casado
Hombre;21;4,6;458;Si;1,77;56,96;Uni-lib
Hombre;19;4,2;102;No;1,47;63,34;Casado
Hombre;28;3;494;No;1,64;77,5;Casado
Hombre;23;4,5;128;No;1,44;86,8;Uni-lib
Hombre;29;4,9;376;Si;1,71;81,07;Soltero
Hombre;16;3,3;202;No;1,62;56,69;Soltero
Hombre;21;4,3;343;No;1,51;56,81;Casado
Mujer;29;4,3;138;No;1,6;65,1;Soltero
Mujer;26;3,9;58;No;1,63;80,25;Casado
Hombre;24;4,1;396;Si;1,47;69,84;Uni-lib
Hombre;24;4,9;325;Si;1,47;57,42;Soltero
Mujer;21;3,1;87;No;1,73;80,4;Casado
Mujer;26;4,2;346;No;1,46;60,9;Casado
Hombre;22;4;398;Si;1,63;48,66;Casado
Mujer;18;3,4;334;No;1,79;61,92;Uni-lib
Mujer;27;4;135;No;1,68;50,74;Casado
Hombre;24;3,9;380;Si;1,69;82,86;Casado
Mujer;21;4,6;134;No;1,53;72,18;Uni-lib
Hombre;20;3,4;475;Si;1,74;59,2;Soltero
Hombre;18;3,1;417;Si;1,8;62,01;Casado
Mujer;27;4;224;Si;1,58;74,53;Soltero
Mujer;20;3,1;313;No;1,74;77,06;Casado
Hombre;20;4,1;190;No;1,71;75,97;Casado
Hombre;20;3,9;426;Si;1,56;63,91;Uni-lib
Hombre;27;4,8;274;Si;1,57;80,01;Soltero
Hombre;23;4;337;No;1,47;89,88;Soltero
Hombre;24;4,8;471;No;1,49;50,25;Uni-lib
Mujer;16;3,9;224;Si;1,57;56,61;Uni-lib
Hombre;16;4,6;140;No;1,49;89,95;Soltero
Hombre;20;4,6;479;No;1,46;85,72;Uni-lib
Hombre;18;4,2;53;Si;1,47;56,38;Soltero
Hombre;23;4,9;400;No;1,71;62,48;Soltero
Mujer;23;3,4;361;No;1,8;68,03;Uni-lib
Mujer;21;4;387;Si;1,77;48,61;Uni-lib
Hombre;22;4,2;496;No;1,77;52,14;Casado
Mujer;23;4,6;305;Si;1,78;89,28;Soltero
Mujer;26;3,7;62;Si;1,54;63,83;Casado
Mujer;20;3,8;451;No;1,52;48,75;Casado
Mujer;25;4,3;182;Si;1,52;77,07;Casado
Hombre;23;3,8;160;Si;1,45;77,77;Casado
Mujer;28;3,7;91;Si;1,65;48,63;Uni-lib
Mujer;28;3,5;89;Si;1,58;82,38;Soltero
Hombre;20;4;171;Si;1,79;46,02;Casado
Hombre;18;3,2;59;Si;1,73;46;Casado
Hombre;17;3,2;282;No;1,58;51,65;Casado
Mujer;21;3,3;472;Si;1,46;83,46;Soltero
Mujer;20;4,1;251;No;1,7;66,1;Soltero
Mujer;18;3,8;65;Si;1,66;53,8;Soltero
Mujer;26;3,3;291;No;1,62;85,08;Uni-lib
Hombre;24;3,8;171;No;1,44;47,76;Uni-lib
Mujer;25;4;209;No;1,64;53,46;Uni-lib
Mujer;28;3,9;197;Si;1,51;77,5;Casado
Mujer;23;3,8;163;Si;1,79;77,73;Casado
Mujer;19;4,8;374;No;1,75;50,51;Soltero
Mujer;24;4,5;384;No;1,5;83,54;Uni-lib
Hombre;26;3,4;126;Si;1,49;63,01;Soltero
Mujer;26;3,4;252;No;1,68;87,17;Soltero
Mujer;29;4,5;473;No;1,57;66,09;Casado
Mujer;18;3,2;162;Si;1,79;65,01;Uni-lib
Mujer;17;4,2;189;Si;1,49;64,66;Soltero
Mujer;19;4,4;408;No;1,43;89,16;Soltero
Mujer;18;3,1;232;No;1,48;85,95;Uni-lib
Hombre;21;4,4;417;No;1,45;80,32;Soltero
Mujer;27;3,5;214;No;1,43;47,3;Casado
Mujer;27;4,3;329;No;1,71;52,49;Uni-lib
Hombre;23;3,1;82;No;1,54;74,12;Casado
Mujer;22;3,9;51;No;1,78;60,69;Soltero
Hombre;27;4,1;140;Si;1,7;84,72;Soltero
Mujer;19;4,4;179;Si;1,43;74,73;Casado
Mujer;15;3,9;490;No;1,46;48,11;Uni-lib
Hombre;30;4,8;407;Si;1,62;88,05;Soltero
Hombre;29;3,4;261;No;1,74;55,9;Casado
Mujer;16;3,3;87;No;1,46;46,87;Uni-lib
Mujer;20;3,8;210;Si;1,55;71,21;Uni-lib
Mujer;22;3,5;247;Si;1,4;56,28;Uni-lib
Hombre;20;3,2;128;Si;1,57;56,72;Casado
Hombre;26;3,5;478;No;1,43;89,96;Soltero
Mujer;28;3,1;202;Si;1,64;68,87;Casado
Mujer;20;3,9;191;Si;1,44;68,72;Soltero
Mujer;15;4,8;257;No;1,66;55,98;Soltero
Hombre;30;3,7;440;Si;1,78;68,75;Uni-lib
Hombre;24;3,5;143;No;1,78;87,53;Uni-lib
Hombre;22;3,5;264;No;1,71;49,54;Uni-lib
Mujer;24;4,9;252;No;1,43;87,35;Soltero
Hombre;23;4,6;232;No;1,53;51,19;Casado
Hombre;20;3,3;462;Si;1,49;64,2;Uni-lib
Hombre;18;4,1;470;Si;1,55;54,07;Uni-lib
Hombre;26;4,6;482;No;1,51;54,65;Soltero
Hombre;29;3,2;110;Si;1,73;87,07;Soltero
Mujer;22;4,6;154;Si;1,4;52,42;Casado
Hombre;16;3,8;409;Si;1,47;50,46;Uni-lib
Mujer;23;4,2;97;No;1,74;69,94;Casado
Hombre;20;3,7;427;Si;1,51;67,24;Uni-lib
Mujer;21;4,2;159;No;1,5;47,69;Uni-lib
Mujer;21;3,1;265;Si;1,5;76,94;Uni-lib
Mujer;16;3,9;299;No;1,42;71,63;Soltero
Mujer;24;4,5;472;Si;1,43;77,97;Uni-lib
Hombre;17;4;207;Si;1,64;64,89;Uni-lib
Hombre;21;3,1;263;Si;1,41;63,85;Casado
Mujer;21;4,9;111;Si;1,77;79,95;Casado
Hombre;29;3,7;273;No;1,78;88,96;Uni-lib
Hombre;21;4,7;428;No;1,8;48,81;Uni-lib
Mujer;18;3,7;483;No;1,65;46,12;Casado
Hombre;24;4,1;453;No;1,53;79,44;Casado
Mujer;20;3,9;173;Si;1,44;61,19;Casado
Mujer;25;3,8;160;Si;1,52;84,12;Soltero
Hombre;20;3,7;263;No;1,77;74,82;Casado
Hombre;30;3,6;64;Si;1,44;52,89;Uni-lib
Hombre;22;3,7;289;No;1,66;77,64;Casado
Hombre;21;3,4;311;No;1,79;69,55;Uni-lib
Mujer;19;4;297;No;1,61;67,57;Casado
Mujer;22;3,7;113;No;1,43;47,41;Casado
Mujer;28;4;81;No;1,65;45,8;Uni-lib
Mujer;16;4,9;299;Si;1,43;56,96;Uni-lib
Hombre;25;4,5;212;Si;1,51;65,94;Soltero
Mujer;24;4,8;269;Si;1,65;67,01;Uni-lib
Hombre;20;3,7;245;Si;1,55;78,58;Casado
Mujer;20;3,7;194;No;1,57;88,62;Uni-lib
Mujer;16;4,5;476;Si;1,61;51,03;Casado
Hombre;25;4,4;430;Si;1,65;48,34;Soltero
Mujer;16;3,9;100;Si;1,6;46,75;Soltero
Mujer;16;3,6;336;Si;1,49;72,8;Soltero
Mujer;16;3,3;187;No;1,48;51,9;Soltero
Hombre;16;3,5;418;Si;1,49;55,7;Uni-lib
Mujer;29;3,3;418;No;1,62;75,82;Uni-lib
Hombre;18;3,7;136;Si;1,6;65,86;Uni-lib
Hombre;17;3,8;468;Si;1,72;80,97;Casado
Mujer;23;4,1;128;Si;1,75;51,02;Soltero
Hombre;30;3,3;459;No;1,5;82,61;Casado
Hombre;27;3,3;62;Si;1,61;58,17;Soltero
Hombre;20;3,5;438;Si;1,61;75,87;Casado
Mujer;21;4,2;69;Si;1,53;61,22;Casado
Hombre;21;3,8;444;No;1,64;74;Casado
Mujer;22;3,9;149;No;1,67;74,24;Uni-lib
Hombre;19;4,3;50;No;1,78;81,19;Uni-lib
Mujer;27;4,2;259;No;1,55;71,26;Casado
Mujer;21;5;289;Si;1,53;52,91;Soltero
Hombre;18;4,5;454;No;1,68;57,39;Soltero
Hombre;22;4,6;117;Si;1,79;46,9;Casado
Hombre;17;3,1;220;No;1,79;61,22;Soltero
Hombre;23;3,5;174;Si;1,53;50,14;Soltero
Hombre;25;3,8;179;No;1,66;47,74;Soltero
Hombre;29;3,7;476;Si;1,67;64,13;Uni-lib
Mujer;26;4,7;57;Si;1,43;78,95;Uni-lib
Mujer;20;3,3;339;No;1,5;82,63;Casado
Mujer;28;3,5;301;No;1,44;63,58;Soltero
Hombre;30;4,8;276;No;1,63;46,25;Uni-lib
Mujer;17;3;125;Si;1,59;49,34;Casado
Hombre;27;3,6;226;No;1,6;76,57;Soltero
Mujer;16;3,1;484;No;1,47;80,07;Casado
Hombre;29;3,3;321;Si;1,79;76,11;Soltero
Hombre;18;3,3;167;No;1,43;67,2;Uni-lib
Hombre;26;4,5;61;No;1,54;77,21;Soltero
Hombre;19;4,7;168;No;1,8;70,01;Soltero
Hombre;26;4,6;202;Si;1,68;89,95;Casado
Mujer;18;3,1;63;Si;1,44;83,64;Soltero
Hombre;19;4,6;344;Si;1,63;66,69;Casado
Mujer;18;4,7;179;No;1,72;62,04;Uni-lib
Mujer;18;3,3;236;No;1,47;61,78;Casado
Mujer;26;3,6;136;No;1,61;89,45;Uni-lib
Mujer;18;4,9;55;No;1,58;52,87;Casado
Hombre;28;3,5;445;No;1,46;53,95;Soltero
Mujer;28;4,8;220;Si;1,52;47,06;Soltero
Hombre;21;4,2;384;No;1,61;45,73;Casado
Hombre;19;4;235;No;1,56;77,07;Casado
Mujer;24;3,7;133;Si;1,41;45,83;Soltero
Hombre;20;4,4;85;Si;1,59;54,07;Soltero
Mujer;19;4,5;65;No;1,77;76,37;Uni-lib
Hombre;20;3;55;No;1,47;59,26;Uni-lib
Mujer;30;3,5;212;No;1,56;84,77;Casado
Mujer;25;4,2;102;Si;1,47;81,54;Uni-lib
Mujer;20;4,9;52;No;1,58;62,05;Uni-lib
Mujer;26;3,6;195;Si;1,46;46,56;Casado
Hombre;27;4,6;67;Si;1,62;68,33;Uni-lib
Hombre;15;4,1;442;No;1,46;80,35;Soltero
Mujer;16;3,8;336;No;1,45;87,05;Casado
Hombre;17;4,3;433;Si;1,7;51,6;Uni-lib
Mujer;25;3,6;387;No;1,69;51,68;Uni-lib
Hombre;22;4,6;65;Si;1,7;69,92;Casado
Hombre;21;4,8;336;Si;1,53;88,03;Casado
Mujer;29;4,5;63;No;1,57;86,09;Uni-lib
Mujer;23;4,1;401;Si;1,77;59;Casado
Mujer;27;3;423;Si;1,51;65,77;Soltero
Hombre;24;4,8;388;Si;1,54;71,54;Soltero
Mujer;27;4,9;378;Si;1,5;65,02;Soltero
Hombre;28;4,4;358;Si;1,55;68,37;Uni-lib
Hombre;19;4,5;278;No;1,79;64,34;Uni-lib
Mujer;17;4,4;399;Si;1,42;71,48;Uni-lib
Hombre;15;4,1;51;Si;1,55;89,86;Casado
Hombre;24;5;353;No;1,57;89,95;Uni-lib
Mujer;24;4,5;412;No;1,47;83,88;Casado
Mujer;19;5;144;No;1,78;57,67;Uni-lib
Hombre;17;3,8;363;Si;1,54;85,92;Casado
Mujer;20;3,9;259;Si;1,48;71,05;Soltero
Mujer;29;3,4;406;No;1,61;56,71;Uni-lib
Mujer;21;4,4;173;No;1,58;84,79;Casado
Mujer;20;3,7;159;Si;1,59;54;Uni-lib
Mujer;15;4,2;190;Si;1,68;85,7;Soltero
Mujer;20;4,7;355;Si;1,67;78,93;Uni-lib
Hombre;17;3,6;159;Si;1,62;64,72;Soltero
Mujer;22;4,4;462;Si;1,62;64,79;Soltero
Hombre;27;4,4;99;No;1,65;86,17;Uni-lib
Hombre;25;4,4;56;No;1,8;48,65;Casado
Hombre;27;3,6;299;No;1,77;74,23;Uni-lib
Mujer;16;3,5;455;No;1,53;58,87;Soltero
Hombre;21;3,4;123;Si;1,44;76,8;Uni-lib
Mujer;23;4,3;357;Si;1,5;83,26;Casado
Mujer;16;4,5;472;Si;1,53;45,17;Uni-lib
Hombre;17;3,3;163;No;1,46;53,04;Uni-lib
Hombre;19;3,5;372;No;1,65;66,5;Casado
Mujer;15;3,1;167;No;1,6;66,91;Soltero
Mujer;16;3,7;264;No;1,51;87;Soltero
Mujer;28;4,1;160;Si;1,65;56,66;Casado
Hombre;22;3,5;333;No;1,43;72,3;Soltero
Mujer;17;4,2;340;Si;1,67;49,39;Soltero
Hombre;26;3,7;433;No;1,57;72,92;Soltero
Hombre;27;3;306;No;1,54;56,35;Uni-lib
Hombre;19;4,5;129;Si;1,45;86,02;Soltero
Mujer;22;3,2;140;Si;1,78;67,23;Uni-lib
Hombre;26;4,3;240;No;1,68;80,39;Casado
Hombre;19;4,7;209;No;1,41;57,58;Soltero
Mujer;19;3,1;187;No;1,57;69,46;Uni-lib
Hombre;16;4,1;450;Si;1,51;83,02;Uni-lib
Hombre;24;4,2;106;No;1,59;45,22;Casado
Mujer;17;4,9;238;No;1,5;45,28;Casado
Mujer;26;5;236;Si;1,42;57,19;Soltero
Mujer;18;4,3;193;Si;1,43;84,27;Soltero
Hombre;23;3,9;247;Si;1,79;74,08;Casado
Hombre;28;3,3;312;No;1,52;75,65;Uni-lib
Hombre;28;4,2;344;Si;1,4;76,86;Soltero
Mujer;24;4,8;347;Si;1,44;67,92;Soltero
Hombre;16;3,5;320;No;1,43;84,5;Soltero
Hombre;24;4,3;205;No;1,48;75,69;Soltero
Mujer;22;3,5;87;No;1,65;58,1;Casado
Mujer;20;4,5;240;No;1,67;63,69;Casado
Hombre;20;4,7;398;Si;1,53;49,3;Casado
Mujer;27;4,7;144;Si;1,63;50,68;Soltero
Hombre;17;4,1;328;Si;1,4;59,82;Soltero
Hombre;21;3,3;244;No;1,53;88,67;Casado
Mujer;21;3,4;124;Si;1,53;50,92;Uni-lib
Hombre;23;4,2;307;No;1,79;52,23;Soltero
Hombre;23;4;239;No;1,7;76,42;Soltero
Hombre;23;4,9;285;No;1,47;57,28;Uni-lib
Hombre;16;4,5;382;No;1,78;66,27;Casado
Mujer;22;3,7;128;Si;1,73;78,62;Casado
Mujer;21;4,5;150;No;1,65;49,99;Uni-lib
Mujer;27;4;424;No;1,6;76,77;Casado
Hombre;22;3,4;448;Si;1,67;56,36;Casado
Hombre;15;3,2;281;No;1,54;65,86;Soltero
Hombre;24;3,9;293;No;1,69;76,35;Uni-lib
Mujer;24;3,9;233;Si;1,76;84,09;Uni-lib
Hombre;16;3,5;277;Si;1,73;63,3;Casado
Mujer;16;4,9;359;No;1,66;84,11;Casado
Hombre;28;3,8;396;Si;1,47;84,08;Soltero
Mujer;30;4,5;377;Si;1,43;57,74;Soltero
Hombre;29;3,3;134;No;1,75;59,48;Uni-lib
Hombre;17;4;227;No;1,7;65,48;Uni-lib
Hombre;17;4,5;455;No;1,46;85,97;Casado
Hombre;19;4,2;114;Si;1,53;84,53;Uni-lib
Hombre;16;3,7;292;Si;1,47;70,94;Uni-lib
Hombre;26;4,6;489;Si;1,66;46,31;Uni-lib
Mujer;22;4,3;215;No;1,76;69,58;Soltero
Mujer;29;3,1;68;No;1,76;61,11;Uni-lib
Hombre;18;3,3;262;Si;1,4;47,63;Soltero
Hombre;27;3,7;382;Si;1,57;63,51;Casado
Mujer;21;3,4;256;No;1,73;56,57;Casado
Hombre;28;3,6;260;No;1,59;85,58;Uni-lib
Mujer;28;4,5;355;Si;1,4;63,68;Casado
Hombre;29;3,8;160;No;1,65;71,74;Casado
Mujer;29;3,1;290;No;1,75;67,52;Soltero
Hombre;28;4,7;127;Si;1,64;47,93;Uni-lib
Mujer;25;4,9;319;No;1,49;65,39;Soltero
Hombre;17;3,6;315;Si;1,65;64,4;Casado
Hombre;27;3,6;384;No;1,63;46,37;Soltero
Mujer;29;4,3;362;Si;1,71;67,63;Soltero
Mujer;26;3,5;436;Si;1,61;79,17;Soltero
Mujer;25;4,1;351;No;1,71;69,43;Casado
Mujer;19;5;454;Si;1,66;50,48;Casado
Mujer;21;4,2;340;Si;1,55;87,66;Uni-lib
Mujer;19;3;120;Si;1,63;76,99;Soltero
Mujer;20;3,4;396;Si;1,74;56,3;Casado
Mujer;25;3,9;81;Si;1,54;69,99;Casado
Mujer;21;4,4;256;Si;1,72;52,71;Uni-lib
Hombre;18;4,9;348;Si;1,55;70,59;Uni-lib
Hombre;22;4,4;173;No;1,64;78,48;Casado
Mujer;20;3,4;499;No;1,53;65,2;Casado
Hombre;17;3,8;343;Si;1,73;73,25;Casado
Mujer;19;4,7;186;Si;1,74;59,51;Uni-lib
Hombre;16;3,9;143;Si;1,51;75,35;Uni-lib
Hombre;23;3,1;75;No;1,73;58,67;Casado
Mujer;25;4,1;192;Si;1,59;53,58;Uni-lib
Mujer;20;4,7;80;No;1,48;54,77;Soltero
Mujer;23;4,5;350;Si;1,49;56,64;Uni-lib
Hombre;19;4,2;491;Si;1,65;62,15;Uni-lib
Mujer;21;4;485;Si;1,77;79,66;Uni-lib
Hombre;18;4,3;292;Si;1,45;89,58;Casado
Hombre;23;3,2;306;Si;1,43;88,55;Uni-lib
Hombre;17;4,3;427;No;1,75;82,04;Uni-lib
Hombre;15;4,7;93;No;1,77;75,02;Casado
Mujer;26;4;431;No;1,47;71,16;Uni-lib
Hombre;27;3,5;372;Si;1,48;68,86;Uni-lib
Mujer;17;3,7;476;No;1,47;58,19;Casado
Hombre;22;3,8;54;No;1,52;58,96;Uni-lib
Hombre;29;3,6;293;Si;1,5;46,14;Soltero
Hombre;20;3,8;264;Si;1,67;63,4;Uni-lib
Hombre;19;4,7;225;Si;1,53;80,07;Uni-lib
Mujer;20;4;438;No;1,41;52,55;Casado
Hombre;26;3,8;53;No;1,74;70,55;Soltero
Hombre;22;3,6;220;Si;1,77;63,3;Casado
Mujer;26;3,3;243;Si;1,54;65,49;Casado
Hombre;29;4,9;243;No;1,44;70,59;Uni-lib
Mujer;19;3,9;182;Si;1,52;47,64;Soltero
Hombre;17;4,2;440;Si;1,56;88,4;Uni-lib
Mujer;23;3,6;487;Si;1,74;72,04;Casado
Hombre;18;3,9;457;Si;1,57;62,34;Soltero
Mujer;20;4,8;86;Si;1,51;78,23;Casado
Mujer;27;3,3;82;No;1,68;81,88;Casado
Mujer;16;4,5;390;Si;1,68;66,06;Uni-lib
Mujer;16;3,7;412;Si;1,77;73,85;Casado
Mujer;19;3,7;58;Si;1,73;56,18;Casado
Hombre;21;3,5;346;No;1,74;86,23;Soltero
Hombre;22;3,8;285;Si;1,56;47,56;Casado
Mujer;17;3,2;158;No;1,79;54,6;Uni-lib
Mujer;26;4,5;269;No;1,42;77,96;Soltero
Mujer;24;3,7;212;Si;1,67;83,2;Casado
Hombre;26;4,5;152;No;1,55;77,9;Casado
Hombre;16;3,6;236;No;1,59;72,66;Uni-lib
Hombre;28;3,4;378;Si;1,66;69,13;Uni-lib
Hombre;27;4;480;Si;1,58;52,93;Uni-lib
Mujer;27;3,3;92;Si;1,74;78,44;Uni-lib
Mujer;21;3;389;No;1,66;52,01;Soltero
Mujer;22;4,5;253;No;1,69;80,17;Soltero
Mujer;16;3;395;No;1,72;51,94;Casado
Hombre;23;3,7;497;No;1,42;52,27;Soltero
Mujer;28;3,5;478;No;1,7;64,67;Casado
Hombre;17;4,9;459;Si;1,67;59,66;Soltero
Hombre;29;4,9;496;No;1,8;69,73;Soltero
Mujer;15;4,1;119;Si;1,62;87,71;Soltero
Hombre;21;4,8;153;Si;1,64;59,78;Uni-lib
Hombre;16;4,2;313;No;1,49;78,84;Uni-lib
Hombre;16;3,7;465;No;1,66;64,96;Uni-lib
Hombre;19;4,6;204;Si;1,64;59,15;Uni-lib
Hombre;27;4,1;99;No;1,58;84,75;Soltero
Mujer;17;4,5;485;No;1,59;73,68;Uni-lib
Mujer;16;3,7;299;Si;1,72;47,09;Casado
Mujer;23;4,1;273;No;1,76;48,75;Uni-lib
Hombre;21;4,4;162;No;1,57;45,01;Casado
Mujer;30;4;272;Si;1,49;55,79;Casado
Hombre;17;4,3;120;No;1,56;83,69;Uni-lib
Hombre;25;3,9;251;No;1,78;89,88;Uni-lib
Hombre;24;4,8;100;No;1,54;47,73;Soltero
Mujer;18;4,6;115;No;1,66;69,24;Uni-lib
Mujer;26;3,6;386;No;1,46;46,73;Uni-lib
Hombre;18;3,8;86;No;1,64;85,08;Casado
Mujer;20;4;72;Si;1,41;51,73;Casado
Hombre;24;4,8;113;Si;1,73;76,56;Uni-lib
Hombre;23;4,2;273;No;1,7;64,7;Casado
Hombre;30;4,1;135;Si;1,55;83,49;Casado
Mujer;23;4,6;219;Si;1,42;53,55;Casado
Mujer;17;4;470;Si;1,43;85,02;Uni-lib
Mujer;15;3,8;136;Si;1,52;73,19;Casado
Mujer;25;3,9;113;Si;1,51;48,15;Uni-lib
Hombre;28;4,5;214;No;1,59;65,73;Soltero
Hombre;26;4;70;No;1,7;57,68;Uni-lib
Mujer;17;3,4;364;No;1,46;64,39;Uni-lib
Hombre;17;3,3;288;No;1,61;81,29;Soltero
Hombre;27;4,1;405;Si;1,49;73,21;Uni-lib
Hombre;20;4,8;339;No;1,62;82,25;Soltero
Hombre;18;3,5;482;No;1,76;79,95;Uni-lib
Mujer;30;3,5;325;Si;1,72;84,58;Uni-lib
Hombre;27;4,6;105;Si;1,48;76,63;Soltero
Mujer;17;4,7;403;No;1,67;71,69;Soltero
Mujer;17;3,2;418;Si;1,44;51,71;Uni-lib
Hombre;23;4;468;No;1,7;82,72;Casado
Mujer;20;3,9;162;No;1,62;89,42;Soltero
Mujer;19;4,7;239;Si;1,67;88,48;Casado
Hombre;18;4,6;444;Si;1,53;50,84;Casado
Mujer;21;4,1;196;No;1,66;65,62;Soltero
Mujer;18;4,2;316;Si;1,54;50,07;Uni-lib
Mujer;16;4,8;353;Si;1,41;72,25;Uni-lib
Mujer;17;4,3;386;No;1,57;72,77;Soltero
Hombre;29;3,5;156;No;1,49;75,94;Uni-lib
Hombre;17;4,3;158;Si;1,53;56,4;Casado
Hombre;28;3,5;240;Si;1,77;55,1;Casado
Hombre;27;4,7;213;No;1,76;55,5;Soltero
Hombre;27;3,6;123;No;1,49;79,77;Soltero
Mujer;17;3,9;82;No;1,68;71,47;Soltero
Hombre;28;4,1;458;No;1,44;73,63;Casado
Mujer;26;4;408;No;1,56;69,02;Soltero
Mujer;29;3,3;327;Si;1,58;71,75;Uni-lib
Hombre;18;4,7;266;No;1,71;84,37;Casado
Hombre;16;3,3;92;No;1,42;84,41;Uni-lib
Hombre;26;4,1;270;Si;1,72;71,17;Soltero
Mujer;27;4;381;No;1,45;84,41;Soltero
Mujer;18;5;103;No;1,69;84,98;Casado
Mujer;16;4;374;Si;1,7;61,18;Casado
Mujer;30;3,8;306;Si;1,73;49,76;Casado
Hombre;15;3,7;459;Si;1,75;83,54;Casado
Hombre;27;3,5;258;Si;1,79;59,24;Uni-lib
Hombre;25;4,3;198;Si;1,67;66,17;Uni-lib
Hombre;18;4,6;424;Si;1,52;85,33;Soltero
Hombre;30;3,9;457;Si;1,79;67,97;Uni-lib
Mujer;26;4,6;204;No;1,41;55,21;Uni-lib
Hombre;26;4,6;412;No;1,63;65,01;Casado
Hombre;24;3,8;182;No;1,68;47,78;Soltero
Mujer;22;3,9;204;Si;1,62;48,78;Uni-lib
Mujer;27;3,4;264;Si;1,64;55,07;Casado
Hombre;29;3,9;224;Si;1,76;52,1;Soltero
Mujer;16;4;218;Si;1,78;75,51;Soltero
Hombre;22;3,2;430;Si;1,44;70,31;Soltero
Hombre;29;4,8;238;No;1,64;66,76;Uni-lib
Mujer;20;4,4;354;Si;1,47;50,07;Soltero
Hombre;20;4,3;199;No;1,74;64,83;Uni-lib
Hombre;21;4,3;453;Si;1,43;68,92;Soltero
Hombre;28;4,9;432;Si;1,78;71,37;Casado
Hombre;23;4,3;176;No;1,78;47,05;Uni-lib
Hombre;29;3,7;171;Si;1,74;58,15;Casado
Mujer;20;4,3;146;Si;1,69;79,95;Casado
Hombre;25;4,4;478;No;1,42;72,16;Soltero
Mujer;16;4,4;178;Si;1,4;53,83;Soltero
Hombre;28;3,7;340;Si;1,54;77,15;Uni-lib
Mujer;24;4,6;421;No;1,74;72,76;Soltero
Hombre;16;4;206;No;1,76;89,98;Casado
Mujer;29;3,9;250;Si;1,43;72,87;Soltero
Mujer;23;3,1;145;No;1,7;85,26;Soltero
Mujer;22;4;169;No;1,49;55,59;Casado
Mujer;19;4,9;304;Si;1,57;75,24;Soltero
Hombre;19;3,7;111;Si;1,6;84,74;Uni-lib
Mujer;26;3,5;119;No;1,55;79,46;Uni-lib
Mujer;28;3,3;357;Si;1,69;87,41;Uni-lib
Mujer;26;4,1;323;Si;1,44;65,6;Casado
Mujer;19;3,6;256;No;1,45;66,14;Casado
Hombre;22;3,3;137;Si;1,4;47,19;Casado
Mujer;26;3,3;336;Si;1,61;50,69;Uni-lib
Mujer;21;4,3;184;No;1,69;51,44;Soltero
Mujer;29;3,9;191;Si;1,63;55,42;Casado
Mujer;29;4,8;483;Si;1,66;68,41;Soltero
Mujer;29;4,1;351;No;1,48;48,6;Casado
Mujer;27;3,8;201;Si;1,59;65,26;Uni-lib
Hombre;20;3,9;174;Si;1,64;79,62;Uni-lib
Hombre;22;3,8;319;Si;1,79;72,08;Soltero
Hombre;18;3,8;392;No;1,46;67,52;Uni-lib
Hombre;17;3,2;445;Si;1,61;76,57;Casado
Mujer;25;4,3;440;Si;1,51;77,45;Casado
Mujer;24;4,1;435;No;1,56;59,2;Uni-lib
Hombre;28;3,9;344;No;1,78;52,37;Uni-lib
Mujer;29;3,2;312;No;1,44;49,56;Uni-lib
Hombre;28;3,5;147;No;1,71;50,96;Casado
Hombre;23;4,5;383;No;1,53;73,63;Uni-lib
Mujer;29;4,2;115;Si;1,6;70,86;Casado
Mujer;16;4,4;269;No;1,66;80,63;Soltero
Hombre;27;3,9;164;Si;1,71;71,62;Soltero
Hombre;22;3,2;417;Si;1,41;57,14;Casado
Mujer;19;4,1;252;No;1,51;56,74;Casado
Mujer;21;4,1;490;Si;1,48;75,23;Casado
Mujer;15;4,3;87;Si;1,54;47,25;Casado
Hombre;22;3,8;332;Si;1,73;59,41;Soltero
Hombre;25;3,9;125;No;1,51;60,35;Uni-lib
Hombre;23;3,8;378;Si;1,69;49,59;Soltero
Hombre;23;4,9;496;Si;1,72;85,73;Uni-lib
Hombre;17;4,5;191;Si;1,46;56,78;Soltero
Mujer;26;4,9;108;No;1,75;62,22;Soltero
Hombre;21;4;331;No;1,44;53,86;Casado
Mujer;24;4,9;396;No;1,73;88,59;Casado
Mujer;23;4,5;192;Si;1,74;87,45;Soltero
Hombre;26;4,7;95;Si;1,7;45,56;Soltero
Hombre;18;5;491;No;1,61;55,67;Soltero
Mujer;20;4,4;134;Si;1,65;58,75;Casado
Mujer;20;3,6;455;No;1,56;45,27;Soltero
Mujer;25;4;174;Si;1,51;76,89;Casado
Hombre;27;4,5;485;Si;1,66;70,43;Soltero
Hombre;25;4,7;97;Si;1,65;81,74;Casado
Hombre;22;3,5;467;Si;1,51;47,81;Casado
Hombre;20;4;487;No;1,76;86,16;Uni-lib
Hombre;21;3,6;223;Si;1,77;68,11;Soltero
Mujer;29;3,5;230;Si;1,6;64,02;Uni-lib
Mujer;28;4,8;488;Si;1,46;49,71;Casado
Mujer;24;3,4;344;No;1,52;78,74;Uni-lib
Mujer;18;4;260;Si;1,63;84,75;Uni-lib
Hombre;25;5;270;Si;1,78;87,19;Uni-lib
Hombre;25;3,7;465;No;1,74;47,41;Soltero
Mujer;22;4,7;90;Si;1,63;64,76;Casado
Hombre;26;4,5;208;No;1,46;68,34;Uni-lib
Mujer;23;4,9;115;No;1,44;82,06;Uni-lib
Hombre;26;4;155;Si;1,55;87,56;Casado
Mujer;28;3,6;310;No;1,41;53,48;Uni-lib
Hombre;21;3,9;167;Si;1,56;46,83;Soltero
Hombre;29;4,9;68;No;1,44;83;Uni-lib
Hombre;24;4,5;100;Si;1,54;60,11;Uni-lib
Mujer;27;4,3;228;Si;1,78;63,39;Casado
Hombre;24;4,3;294;No;1,69;51,44;Casado
Mujer;28;4;58;No;1,75;84,45;Uni-lib
Hombre;22;4,9;284;Si;1,7;71,58;Uni-lib
Mujer;29;4,9;263;No;1,54;45,87;Uni-lib
Hombre;26;4,3;267;No;1,49;67,54;Soltero
Hombre;19;4;76;Si;1,4;83,21;Soltero
Mujer;26;3,3;158;Si;1,78;59,99;Casado
Mujer;23;4,9;266;Si;1,79;67,13;Uni-lib
Hombre;24;3,5;138;Si;1,64;74,65;Soltero
Mujer;19;3,7;430;Si;1,5;78,53;Uni-lib
Mujer;19;3,9;335;No;1,42;59,9;Casado
Mujer;28;3,3;317;No;1,53;82,33;Uni-lib
Mujer;27;3,6;330;Si;1,73;61,56;Uni-lib
Hombre;30;4,6;408;No;1,45;60,37;Soltero
Mujer;25;3,4;389;No;1,7;69,23;Uni-lib
Mujer;27;4,7;99;No;1,67;84,81;Soltero
Mujer;19;4,5;235;No;1,52;47,71;Casado
Mujer;26;3,2;61;Si;1,73;70,05;Soltero
Hombre;17;3,1;493;No;1,53;58;Uni-lib
Mujer;29;4;98;Si;1,6;81,75;Uni-lib
Hombre;16;3,4;58;No;1,68;78,46;Uni-lib
Hombre;17;3,6;499;Si;1,73;82,55;Casado
Mujer;26;4;264;Si;1,64;49,36;Uni-lib
Mujer;16;3,6;259;No;1,75;48,62;Casado
Mujer;16;4,2;493;No;1,62;84,93;Uni-lib
Mujer;23;3,5;152;Si;1,64;80,09;Soltero
Hombre;16;4,1;252;Si;1,5;68,67;Casado
Mujer;19;3,5;493;Si;1,67;74,42;Casado
Hombre;21;3,5;321;No;1,5;68,69;Soltero
Hombre;16;4,3;57;No;1,4;58,99;Uni-lib
Hombre;18;4,2;218;Si;1,49;57,05;Soltero
Mujer;28;3,2;439;Si;1,67;89,8;Casado
Hombre;30;4,1;138;Si;1,59;88,92;Casado
Mujer;21;3,6;164;Si;1,77;47,67;Uni-lib
Hombre;16;3,5;443;Si;1,6;49,13;Casado
Mujer;19;3,7;425;No;1,49;65,22;Uni-lib
Mujer;30;4,2;74;Si;1,64;65,07;Uni-lib
Mujer;19;4,8;481;No;1,64;75,16;Uni-lib
Mujer;27;4,5;160;No;1,7;49,03;Uni-lib
Mujer;18;4,7;393;No;1,69;86,23;Soltero
Hombre;20;3,5;482;No;1,75;62,44;Casado
Mujer;15;4,1;141;No;1,42;62,33;Uni-lib
Hombre;26;3,7;409;No;1,66;80,36;Uni-lib
Mujer;20;4,9;222;Si;1,71;54,5;Uni-lib
Mujer;24;3,4;179;No;1,79;68,86;Uni-lib
Hombre;29;3,7;143;No;1,59;51,62;Soltero
Hombre;28;3,4;92;No;1,75;61,84;Soltero
Hombre;24;3,9;296;Si;1,5;57,58;Uni-lib
Hombre;27;4,2;235;Si;1,64;74,03;Soltero
Mujer;28;4,4;211;No;1,68;83,08;Uni-lib
Hombre;24;3,6;306;Si;1,56;70,51;Casado
Mujer;15;4,2;429;No;1,59;63,82;Soltero
Mujer;21;3,4;440;Si;1,41;55,56;Soltero
Hombre;22;3,2;485;No;1,6;81,58;Uni-lib
Mujer;25;3,9;492;No;1,74;45,66;Uni-lib
Hombre;23;4,7;426;Si;1,77;67,09;Uni-lib
Hombre;19;4;332;Si;1,53;59,76;Soltero
Hombre;24;4,2;251;Si;1,66;75,84;Casado
Hombre;30;4,1;196;No;1,78;71,11;Casado
Hombre;20;3,6;203;Si;1,48;76,51;Soltero
Mujer;28;3,9;474;No;1,55;80,05;Uni-lib
Hombre;20;4,1;109;No;1,61;51,25;Casado
Hombre;16;3,7;203;No;1,54;47,26;Casado
Mujer;17;3,1;63;Si;1,43;66,35;Casado
Mujer;25;4,6;147;No;1,65;57,67;Casado
Mujer;28;3,8;376;Si;1,64;48,82;Uni-lib
Mujer;21;4,6;244;No;1,69;46,04;Uni-lib
Mujer;19;4,9;164;Si;1,75;51,55;Casado
Hombre;26;3,7;91;No;1,64;66,44;Uni-lib
Hombre;30;3,8;395;Si;1,74;54,54;Soltero
Mujer;27;3,7;421;No;1,67;78,99;Uni-lib
Mujer;18;3,7;67;No;1,57;84,42;Soltero
Hombre;24;3,5;379;Si;1,47;58,49;Uni-lib
Hombre;29;4,1;169;Si;1,79;57,71;Soltero
Hombre;29;3,2;275;No;1,42;89,83;Uni-lib
Mujer;25;3,1;353;Si;1,6;51,16;Uni-lib
Mujer;16;3,4;143;Si;1,72;75,4;Casado
Mujer;25;3,3;289;No;1,68;78,15;Soltero
Mujer;27;4,6;340;Si;1,55;86,89;Uni-lib
Hombre;19;3,2;99;Si;1,47;85,48;Uni-lib
Hombre;19;3,3;364;No;1,72;58,02;Casado
Hombre;24;3,6;195;Si;1,46;63,76;Soltero
Mujer;22;4,6;347;No;1,4;77,4;Soltero
Mujer;23;4,4;337;Si;1,52;56,49;Uni-lib
Hombre;22;3,6;331;No;1,72;54,89;Uni-lib
Mujer;15;3,6;336;No;1,57;61,92;Uni-lib
Hombre;23;4;80;Si;1,74;89,3;Casado
Hombre;29;4,2;57;No;1,46;51,59;Casado
Hombre;16;5;53;Si;1,7;88,61;Uni-lib
Hombre;21;3,1;374;Si;1,54;72,83;Casado
Mujer;26;3,7;396;Si;1,45;71,08;Soltero
Mujer;23;4,4;226;No;1,41;89,21;Casado
Mujer;27;3,2;280;No;1,65;52,87;Uni-lib
Hombre;17;3,3;403;No;1,48;46,98;Casado
Hombre;28;3,7;289;Si;1,51;51,99;Casado
Mujer;23;4,6;114;Si;1,67;61,66;Soltero
Hombre;29;4,5;136;No;1,59;59,89;Casado
Mujer;27;4,3;277;Si;1,61;48,2;Soltero
Mujer;24;3,6;427;Si;1,58;84,24;Uni-lib
Mujer;19;4,9;268;Si;1,47;66,28;Casado
Hombre;17;3,3;309;Si;1,61;83,49;Casado
Mujer;22;4,2;384;Si;1,49;60,4;Soltero
Hombre;22;3,4;452;Si;1,51;66,78;Soltero
Hombre;19;4;295;Si;1,73;78,98;Soltero
Mujer;29;3,3;72;No;1,62;52,6;Uni-lib
Mujer;17;3,2;186;Si;1,51;74,46;Casado
Mujer;17;3,2;114;No;1,71;87,07;Uni-lib
Mujer;28;4,8;441;No;1,47;78,66;Soltero
Hombre;25;3,9;62;Si;1,77;58,41;Casado
Hombre;24;3,1;244;Si;1,49;50,27;Casado
Hombre;20;3,2;202;No;1,74;72,92;Uni-lib
Mujer;26;3;257;Si;1,44;62,02;Soltero
Hombre;28;4,7;293;Si;1,78;73,17;Casado
Mujer;18;3,6;111;Si;1,78;63,48;Casado
Hombre;23;4,2;135;Si;1,58;77,17;Soltero
Hombre;29;3,2;463;Si;1,57;51,77;Casado
Hombre;27;3,2;482;Si;1,72;49,73;Soltero
Hombre;16;3,8;163;No;1,55;58,94;Uni-lib
Mujer;16;4,5;324;No;1,8;73,85;Casado
Hombre;28;4,6;470;Si;1,68;54,12;Casado
Hombre;24;4,4;344;Si;1,71;75,04;Soltero
Hombre;29;3,5;163;Si;1,54;68,09;Soltero
Hombre;27;3,6;118;No;1,61;52,64;Soltero
Hombre;21;3,9;452;No;1,5;84,23;Casado
Hombre;19;3,5;165;No;1,52;68,71;Casado
Hombre;24;3,3;211;No;1,62;88,01;Soltero
Mujer;16;4,7;157;Si;1,72;58,52;Casado
Mujer;20;3,6;69;No;1,53;85,34;Casado
Mujer;19;4,3;115;No;1,73;69,28;Soltero
Mujer;25;3,1;396;Si;1,76;55,17;Soltero
Hombre;18;3,6;150;No;1,49;81,11;Casado
Hombre;25;4,6;354;Si;1,75;48,43;Casado
Hombre;28;3,9;74;Si;1,41;48,63;Casado
Mujer;17;3,4;430;No;1,58;45,86;Soltero
Mujer;24;4,3;369;Si;1,56;49,86;Casado
Mujer;18;3,1;354;Si;1,64;74,62;Casado
Mujer;28;4,2;410;Si;1,69;48,59;Uni-lib
Hombre;18;3,2;155;Si;1,7;58,33;Casado
Mujer;30;4,2;399;No;1,65;45,45;Casado
Mujer;27;4,1;82;Si;1,45;84,48;Uni-lib
Hombre;26;3,7;183;Si;1,62;47,38;Casado
Mujer;22;4,9;454;No;1,77;57,21;Soltero
Hombre;19;3,1;373;Si;1,75;52,45;Casado
Hombre;16;4,3;415;No;1,6;66,51;Soltero
Mujer;19;3,5;468;No;1,47;51,75;Casado
Mujer;26;4,5;415;No;1,62;51,47;Uni-lib
Mujer;26;4,8;432;Si;1,4;87,08;Soltero
Hombre;26;4,2;57;No;1,68;54,68;Soltero
Mujer;20;3,6;309;Si;1,42;62,45;Casado
Hombre;18;4,2;327;No;1,47;74,12;Soltero
Mujer;30;4,2;366;No;1,47;54,59;Casado
Hombre;27;3,7;95;No;1,42;47,55;Casado
Mujer;19;3,4;488;No;1,55;64,33;Casado
Hombre;22;3,7;393;No;1,68;60,09;Casado
Mujer;24;4,5;157;No;1,51;82,14;Casado
Mujer;28;3;410;No;1,76;59,45;Casado
Mujer;29;4,4;364;No;1,58;49,64;Casado
Hombre;23;3;96;No;1,64;74,66;Casado
Mujer;20;3,1;393;Si;1,43;52,13;Uni-lib
Hombre;24;3,4;268;Si;1,44;54,05;Soltero
Hombre;24;4,9;115;Si;1,66;60,54;Soltero
Mujer;23;3,9;169;No;1,68;89,68;Uni-lib
Hombre;19;4,1;117;No;1,77;57,26;Uni-lib
Mujer;22;3,2;474;No;1,61;87,38;Casado
Mujer;22;4,1;482;Si;1,52;62,36;Casado
Mujer;29;3,8;384;No;1,57;86,25;Uni-lib
Mujer;29;4,4;496;Si;1,45;80,75;Casado
Mujer;24;3,5;58;No;1,62;87,11;Soltero
Mujer;29;4,1;114;Si;1,74;57,41;Soltero
Hombre;18;3,8;334;Si;1,53;71,96;Soltero
Mujer;23;4,5;173;Si;1,51;71,36;Uni-lib
Mujer;25;4,9;113;Si;1,79;63,85;Casado
Hombre;21;4,5;274;No;1,41;69,23;Casado
Hombre;20;3,5;406;Si;1,6;49,6;Casado
Mujer;17;3,1;189;Si;1,43;87,57;Uni-lib
Mujer;15;4,9;356;No;1,75;84,04;Casado
Hombre;28;5;215;No;1,41;79,07;Soltero
Mujer;27;4,5;369;Si;1,58;59,08;Casado
Hombre;21;3,1;453;No;1,76;55,36;Casado
Mujer;27;3,2;77;No;1,53;75,24;Casado
Mujer;26;4,2;486;No;1,71;61,03;Soltero
Mujer;27;4,2;441;Si;1,53;86,54;Soltero
Hombre;21;3;115;Si;1,59;50,3;Casado
Mujer;17;4,1;322;No;1,6;45,17;Soltero
Mujer;26;4,2;381;Si;1,77;50,04;Soltero
Mujer;25;4,6;207;Si;1,43;65,89;Soltero
Hombre;21;3,3;475;No;1,54;64,21;Casado
Mujer;22;4,7;478;No;1,51;63,21;Uni-lib
Mujer;25;3,9;373;Si;1,7;62,94;Uni-lib
Hombre;17;4,2;127;Si;1,6;66,01;Casado
Hombre;30;3,9;439;No;1,64;60,23;Soltero
Hombre;27;3,8;459;Si;1,45;74,35;Uni-lib
Hombre;22;3,2;444;Si;1,43;62,68;Casado
Hombre;22;4,7;498;No;1,43;48,16;Casado
Hombre;26;4,2;333;Si;1,63;79,24;Uni-lib
Hombre;29;3,2;356;No;1,78;47,71;Casado
Mujer;29;4,7;152;Si;1,49;52,66;Casado
Hombre;18;3,3;411;Si;1,54;87;Soltero
Hombre;28;4;234;No;1,58;87,76;Casado
Mujer;20;4,4;266;No;1,72;67,49;Soltero
Mujer;26;3,4;338;Si;1,44;46,79;Uni-lib
Hombre;16;3,7;248;No;1,48;79,27;Casado
Hombre;16;3,4;307;No;1,66;65,86;Uni-lib
Hombre;27;3,2;157;No;1,42;89,36;Soltero
Hombre;26;4,5;271;No;1,46;69,05;Soltero
Hombre;24;3,6;413;No;1,69;56,99;Soltero
Hombre;30;4,6;462;No;1,76;58,36;Casado
Hombre;22;3,7;146;No;1,78;58,12;Uni-lib
Hombre;23;4;497;Si;1,43;89,49;Casado
Hombre;20;4,8;131;Si;1,48;77,74;Soltero
Mujer;27;4,1;350;No;1,71;68,5;Uni-lib
Mujer;17;3,4;62;No;1,66;73,23;Casado
Hombre;22;3;206;No;1,61;87,64;Soltero
Hombre;25;3,1;254;Si;1,7;48,78;Casado
Mujer;22;4,2;469;No;1,74;71,06;Soltero
Mujer;26;4,4;214;No;1,66;75,88;Casado
Hombre;28;4,2;133;No;1,67;59,15;Uni-lib
Mujer;21;3,7;284;Si;1,42;71,13;Uni-lib
Mujer;16;4,4;393;No;1,53;58,9;Casado
Mujer;21;4,6;286;No;1,56;70,88;Uni-lib
Hombre;24;3,7;445;Si;1,65;60,34;Uni-lib
Hombre;22;3,3;468;Si;1,78;49,07;Soltero
Hombre;23;3;321;Si;1,56;80,29;Uni-lib
Hombre;18;4,6;318;Si;1,62;46,24;Soltero
Mujer;25;4,3;265;Si;1,76;54,66;Uni-lib
Mujer;16;3,9;364;Si;1,64;61,79;Soltero
Hombre;16;4,4;243;No;1,42;67,7;Casado
Mujer;24;4,2;411;No;1,43;48,66;Uni-lib
Hombre;28;4,2;250;No;1,57;70,11;Casado
Hombre;15;4,6;343;Si;1,79;71,62;Casado
Mujer;24;4;177;No;1,63;59,29;Casado
Hombre;19;4,3;481;No;1,53;88,12;Uni-lib
Mujer;16;4,5;129;Si;1,41;60,26;Casado
Mujer;24;4,5;445;No;1,56;76,53;Casado
Hombre;21;3,6;142;No;1,48;81,9;Uni-lib
Hombre;17;4,9;482;Si;1,68;47,27;Casado
Mujer;29;4,4;313;Si;1,68;74,58;Uni-lib
Hombre;22;3,6;77;Si;1,51;63,79;Soltero
Mujer;28;3,4;435;No;1,49;48,96;Casado
Hombre;16;4,4;109;Si;1,77;89,81;Uni-lib
Mujer;27;3,6;461;Si;1,55;79,65;Soltero
Hombre;22;3,9;388;Si;1,6;54,53;Uni-lib
Hombre;23;3,4;351;Si;1,64;78,17;Soltero
Mujer;25;3,7;116;Si;1,41;85,74;Soltero
Hombre;27;3,1;216;No;1,53;50,37;Casado
Mujer;21;3,4;96;Si;1,79;59,49;Soltero
Mujer;18;4,5;89;Si;1,69;50,13;Uni-lib
Hombre;29;3,3;330;No;1,57;51,14;Uni-lib
Mujer;27;4,8;183;No;1,57;56,07;Uni-lib
Hombre;18;4,3;316;No;1,57;50,05;Casado
Mujer;20;4,1;488;No;1,52;50,49;Casado
Mujer;22;4,7;110;Si;1,67;86,35;Casado
Mujer;21;4,2;315;No;1,74;80,9;Soltero
Mujer;16;3;151;No;1,67;82,48;Soltero
Hombre;26;3,2;167;Si;1,41;82,55;Casado
Hombre;19;3,4;362;Si;1,8;45,62;Uni-lib
Mujer;25;4,9;352;No;1,52;46,72;Casado
Mujer;15;4,2;438;No;1,41;53,65;Casado
Mujer;29;4;265;No;1,7;78,57;Uni-lib
Hombre;19;3,4;393;No;1,79;71,24;Soltero
Hombre;26;4,2;426;Si;1,56;70,71;Uni-lib
Hombre;27;3,4;410;Si;1,41;48,46;Casado
Mujer;21;3,5;89;No;1,42;54,16;Soltero
Mujer;21;4,6;418;No;1,78;48,22;Uni-lib
Hombre;29;4;313;Si;1,65;55,93;Soltero
Hombre;20;3,7;324;Si;1,64;67,97;Casado
Hombre;28;4,2;307;No;1,54;53,5;Uni-lib
Hombre;24;3,7;460;Si;1,74;60,55;Casado
Mujer;19;4,8;173;Si;1,67;76,49;Uni-lib
Mujer;26;4,1;246;Si;1,63;47,45;Uni-lib
Hombre;22;3,2;304;No;1,61;87,49;Casado
Mujer;19;4,5;251;Si;1,6;81,8;Casado
Hombre;28;4,8;477;Si;1,5;64,6;Casado
Mujer;21;4,1;209;No;1,54;54,26;Uni-lib
Mujer;29;4;297;No;1,66;69,18;Soltero
Hombre;24;4,8;81;No;1,71;87,54;Soltero
Mujer;23;4,7;143;No;1,42;67,04;Soltero
Hombre;23;4;184;Si;1,69;61,36;Soltero
Mujer;17;4,5;460;No;1,63;56,69;Casado
Mujer;19;3;418;Si;1,68;67,25;Casado
Mujer;22;3,6;264;Si;1,75;76,24;Casado
Mujer;22;3,6;364;Si;1,69;60,58;Casado
Hombre;25;4,7;378;Si;1,57;47,33;Casado
Mujer;26;3,3;345;No;1,67;73,15;Uni-lib
Hombre;16;4;299;No;1,69;82,76;Casado
Mujer;29;3,2;80;Si;1,58;82,17;Uni-lib
Mujer;23;3,1;136;Si;1,55;75,88;Soltero
Hombre;24;4;123;Si;1,73;67,57;Uni-lib
Mujer;21;4,2;299;No;1,7;86,18;Casado
Hombre;17;4,8;466;Si;1,61;71,47;Casado
Mujer;15;3,3;438;No;1,42;76,72;Soltero
Hombre;25;4,1;325;No;1,69;56,75;Uni-lib
Hombre;18;4,6;335;No;1,67;78,16;Soltero
Mujer;28;4,8;187;Si;1,49;78,64;Uni-lib
Hombre;21;3,5;195;No;1,76;74,82;Soltero
Mujer;17;3,5;403;Si;1,68;73,61;Casado
Mujer;17;3,6;302;Si;1,67;57,34;Soltero
Hombre;29;4,2;61;Si;1,62;48,73;Soltero
Mujer;18;4,9;210;No;1,61;59,41;Uni-lib
Mujer;28;3,6;350;No;1,57;76,11;Casado
Mujer;20;3,6;278;Si;1,51;87,22;Casado
Hombre;21;4;130;Si;1,77;79,27;Uni-lib
Mujer;20;4,9;157;Si;1,59;77,87;Soltero
Hombre;19;3,3;51;No;1,65;80,3;Uni-lib
Mujer;26;3,9;150;No;1,42;61,48;Uni-lib
Mujer;25;3,8;103;Si;1,42;88,95;Soltero
Hombre;18;3,6;227;No;1,8;69,49;Soltero
Hombre;20;3,6;123;No;1,45;73,18;Soltero
Mujer;17;3,4;285;Si;1,46;88,23;Soltero
Mujer;18;3,9;267;Si;1,71;78,82;Soltero
Hombre;18;3,9;335;Si;1,63;53,85;Uni-lib
Mujer;21;3,9;219;Si;1,69;85,58;Uni-lib
Mujer;22;3,5;122;Si;1,78;48,9;Casado
Hombre;17;4,3;472;No;1,44;77,25;Uni-lib
Mujer;21;3,8;209;No;1,52;66,59;Soltero
Hombre;27;3,5;157;No;1,71;56,57;Casado
Hombre;28;3,5;235;Si;1,8;75,77;Uni-lib
Mujer;16;4,7;267;Si;1,67;45,7;Uni-lib
Hombre;26;3,8;417;Si;1,64;75,03;Uni-lib
Mujer;18;4,3;130;No;1,76;65,03;Uni-lib
Mujer;26;3,2;243;No;1,53;88,04;Uni-lib
Hombre;23;3,1;176;Si;1,7;79,99;Soltero
Hombre;18;3,4;441;Si;1,42;65,33;Casado
Hombre;17;3,8;235;Si;1,57;52,34;Soltero
Hombre;22;3,4;429;Si;1,44;79,54;Uni-lib
Mujer;22;3,5;147;No;1,44;61,7;Soltero
Mujer;29;4,3;138;No;1,42;82,42;Uni-lib
Hombre;15;3,5;193;Si;1,75;77,2;Soltero
Hombre;30;4,6;162;Si;1,62;72,86;Uni-lib
Mujer;27;4,8;444;Si;1,52;86,24;Uni-lib
Mujer;25;3,2;244;No;1,45;55,87;Casado
Hombre;26;4,7;339;No;1,54;55,12;Soltero
Hombre;21;3,2;225;Si;1,53;75,58;Casado
Mujer;27;3,3;356;No;1,77;51,69;Uni-lib
Mujer;26;4,1;401;No;1,78;67,79;Casado
Hombre;29;3,2;241;Si;1,7;82,98;Casado
Hombre;20;3,2;176;No;1,64;59,62;Casado
Hombre;24;3,6;134;Si;1,4;48,52;Casado
Mujer;19;3,3;479;Si;1,7;46,51;Casado
Mujer;18;4,9;143;Si;1,55;86,79;Soltero
Hombre;25;3,3;149;Si;1,78;58,9;Soltero
Hombre;27;3,5;342;Si;1,61;89,06;Casado
Hombre;28;3,1;250;Si;1,76;52,95;Casado
Hombre;28;3,9;101;No;1,54;86,68;Soltero
Mujer;20;3,8;410;No;1,8;71,95;Uni-lib
Mujer;24;3,1;89;Si;1,58;85;Casado
Hombre;24;3,2;296;No;1,65;68,91;Soltero
Hombre;25;3,8;319;No;1,6;45,94;Casado
Hombre;27;3,8;84;Si;1,42;78,03;Soltero
Mujer;19;4,7;177;Si;1,64;69,78;Soltero
Mujer;23;4,7;388;Si;1,7;57,29;Uni-lib
Hombre;18;4,7;307;Si;1,71;45,35;Uni-lib
Hombre;20;4;89;Si;1,45;56,02;Uni-lib
Hombre;15;4,3;486;Si;1,48;89,63;Casado
Hombre;27;4,8;298;No;1,73;54,73;Soltero
Mujer;22;3,5;244;Si;1,52;65,39;Soltero
Hombre;20;4,4;51;No;1,58;45,58;Soltero
Mujer;22;3,3;473;Si;1,41;53,07;Uni-lib
Mujer;23;4;392;No;1,66;82,73;Uni-lib
Mujer;22;4,6;188;No;1,53;61,68;Uni-lib
Hombre;18;3,6;311;Si;1,76;72,15;Soltero
Hombre;18;4,5;292;No;1,54;48,98;Casado
Hombre;19;3,4;154;Si;1,54;74,11;Soltero
Hombre;19;4,1;373;Si;1,48;45,69;Uni-lib
Hombre;16;3,4;203;No;1,51;60,64;Casado
Hombre;27;3,3;481;Si;1,49;59,11;Soltero
Mujer;30;4,2;116;No;1,66;60,04;Soltero
Hombre;26;4,9;325;No;1,78;75,37;Soltero
Hombre;27;4,2;112;No;1,61;80,84;Casado
Hombre;28;4,1;193;No;1,43;82,52;Casado
Hombre;27;4,7;135;Si;1,7;83,96;Casado
Hombre;27;3,5;439;Si;1,71;88,27;Uni-lib
Mujer;17;3,2;423;No;1,57;62,31;Casado
Hombre;18;3,6;343;Si;1,6;68,93;Uni-lib
Mujer;26;4,6;402;No;1,44;85,74;Soltero
Hombre;21;4,7;333;No;1,49;56,74;Casado
Mujer;23;4,8;71;Si;1,7;86,56;Soltero
Mujer;24;4,8;486;No;1,42;81,36;Uni-lib
Mujer;16;4,2;293;No;1,8;88,07;Soltero
Mujer;26;5;400;Si;1,43;50,33;Uni-lib
Mujer;29;4,5;406;Si;1,4;76,13;Uni-lib
Hombre;29;4,2;198;Si;1,48;59,64;Soltero
Hombre;28;4,2;346;No;1,72;83,48;Soltero
Mujer;25;3,5;254;Si;1,63;50,55;Soltero
Hombre;25;4,6;95;Si;1,46;79,16;Uni-lib
Hombre;29;3,1;465;No;1,6;63,37;Casado
Hombre;23;4,7;457;Si;1,8;84,63;Uni-lib
Mujer;30;4,4;455;Si;1,75;54,27;Soltero
Mujer;17;4,7;264;Si;1,65;64,23;Uni-lib
Hombre;25;3,5;383;No;1,74;65,44;Casado
Hombre;27;3,7;351;Si;1,59;84,93;Soltero
Mujer;25;4,6;59;No;1,64;76,26;Casado
Hombre;27;4,8;426;Si;1,75;72,42;Casado
Mujer;30;4,1;139;No;1,7;54,56;Casado
Hombre;21;4,7;415;No;1,74;79,39;Soltero
Mujer;28;4,9;71;Si;1,5;63,95;Soltero
Mujer;16;3,9;413;No;1,44;64,53;Uni-lib
Mujer;19;4,4;153;Si;1,64;51,92;Soltero
Hombre;19;4,1;477;No;1,73;46,31;Casado
Mujer;20;4,7;498;Si;1,51;71,18;Uni-lib
Hombre;28;3;212;No;1,67;60,35;Soltero
Mujer;26;4,8;269;No;1,45;54,85;Casado
Hombre;27;4,8;218;Si;1,49;80,78;Uni-lib
Mujer;19;3,1;491;No;1,76;79,02;Soltero
Hombre;26;4,7;146;Si;1,73;73,99;Soltero
Hombre;16;4,5;247;No;1,55;51,95;Uni-lib
Hombre;28;4;128;Si;1,71;50,73;Soltero
Hombre;23;3,4;251;Si;1,67;77,33;Soltero
Mujer;27;4,6;112;Si;1,66;84,45;Soltero
Mujer;29;4,9;417;Si;1,76;50,89;Uni-lib
Hombre;16;4,8;166;Si;1,73;51,91;Soltero
Mujer;20;4,1;206;Si;1,74;47,9;Uni-lib
Mujer;22;3,4;107;No;1,77;71,88;Soltero
Mujer;29;3,7;490;No;1,58;54,14;Soltero
Mujer;16;4,4;285;No;1,67;72,66;Soltero
Hombre;17;3,1;353;Si;1,52;85,04;Casado
Mujer;28;4,4;370;Si;1,79;48,08;Casado
Mujer;18;4,3;396;No;1,41;69,62;Casado
Mujer;25;3,6;315;No;1,68;67,99;Soltero
Hombre;28;4,1;102;No;1,52;55,88;Casado
Mujer;22;3,7;175;Si;1,65;79,72;Casado
Hombre;27;3,1;393;No;1,46;73,26;Soltero
Hombre;16;4,1;159;Si;1,8;48,21;Casado
Hombre;27;3,9;152;Si;1,54;49,85;Uni-lib
Hombre;16;4;239;Si;1,66;85,47;Uni-lib
Hombre;28;3,3;224;No;1,7;76,63;Soltero
Hombre;29;3,8;376;No;1,7;79,02;Soltero
Mujer;28;4,6;312;Si;1,76;60,15;Soltero
Mujer;19;4,4;134;Si;1,5;52,72;Soltero
Mujer;25;4;53;Si;1,77;76,1;Soltero
Hombre;25;3,4;417;No;1,46;81,76;Soltero
Mujer;17;3,5;480;Si;1,43;78,34;Uni-lib
Mujer;29;3,2;232;No;1,62;68,43;Casado
Hombre;18;4,4;195;No;1,55;86,73;Casado
Mujer;19;3,1;405;Si;1,61;86,03;Uni-lib
Hombre;23;4,6;283;Si;1,55;59,58;Uni-lib
Hombre;28;3;400;Si;1,69;86,01;Uni-lib
Hombre;30;3,7;118;No;1,75;86,54;Soltero
Hombre;17;4,9;127;Si;1,65;61,28;Casado
Hombre;25;3,8;484;Si;1,44;48,77;Soltero
Mujer;24;4,3;334;Si;1,56;78,88;Casado
Hombre;22;4,3;63;Si;1,56;49,3;Soltero
Hombre;21;3,6;393;Si;1,77;83,62;Uni-lib
Hombre;22;4,2;481;No;1,41;60,83;Uni-lib
Hombre;16;4,9;420;Si;1,49;77,24;Casado
Mujer;23;4,8;424;Si;1,79;67,35;Uni-lib
Hombre;26;4,4;153;No;1,78;55,16;Uni-lib
Hombre;21;4,6;200;Si;1,75;73,57;Soltero
Hombre;28;4,5;274;No;1,67;48,79;Uni-lib
Mujer;16;4,1;301;Si;1,72;47,43;Casado
Hombre;29;5;269;No;1,79;70,15;Casado
Hombre;26;3,2;449;No;1,48;63,48;Casado
Hombre;18;3;378;No;1,62;48,4;Uni-lib
Hombre;16;5;160;Si;1,45;85,71;Uni-lib
Hombre;16;4,3;249;Si;1,52;58,61;Soltero
Hombre;26;4,5;299;No;1,44;72,5;Soltero
Mujer;22;4,5;398;Si;1,52;47,03;Uni-lib
Mujer;26;3,2;129;Si;1,58;76,64;Soltero
Hombre;18;4,6;119;No;1,45;83,96;Soltero
Hombre;26;4,6;452;No;1,64;53,51;Uni-lib
Hombre;21;3,2;239;Si;1,51;65,77;Casado
Mujer;16;4,9;137;No;1,76;59;Casado
Mujer;28;4,7;117;Si;1,47;47,06;Casado
Hombre;25;3,6;398;No;1,7;59,29;Soltero
Hombre;25;4,7;79;Si;1,59;64,99;Soltero
Hombre;24;4,8;443;Si;1,44;59,66;Casado
Mujer;21;3,4;112;Si;1,56;50,55;Casado
Hombre;18;3,9;187;Si;1,42;49,01;Soltero
Mujer;30;3,2;91;No;1,45;60,59;Casado
Mujer;27;3,2;94;No;1,68;61,53;Soltero
Hombre;25;4,5;422;Si;1,63;67,27;Uni-lib
Hombre;17;3,4;400;Si;1,47;60,16;Uni-lib
Hombre;23;4,2;363;No;1,59;65,08;Soltero
Hombre;29;3,1;457;Si;1,8;78,3;Uni-lib
Mujer;26;3,1;178;Si;1,6;60,43;Casado
Hombre;17;5;341;Si;1,69;61,07;Casado
Mujer;17;3,3;260;No;1,71;49,74;Soltero
Mujer;18;4,4;201;No;1,52;70,7;Uni-lib
Mujer;25;3,7;385;Si;1,51;68,97;Uni-lib
Hombre;22;3,2;430;No;1,41;78,62;Uni-lib
Hombre;24;3,5;353;No;1,56;61,28;Uni-lib
Mujer;25;4,9;406;No;1,67;56,72;Uni-lib
Mujer;17;4,3;426;Si;1,78;66,77;Soltero
Mujer;22;4,8;116;Si;1,4;87,16;Casado
Hombre;15;5;202;Si;1,46;54,1;Casado
Mujer;24;3,4;338;No;1,62;61,93;Soltero
Mujer;15;3,3;390;Si;1,42;59,71;Soltero
Hombre;19;3,2;328;No;1,52;63,46;Soltero
Hombre;29;3,2;124;Si;1,48;86,79;Uni-lib
Mujer;19;3,2;51;No;1,73;62,74;Soltero
Hombre;18;3,9;361;No;1,61;79,55;Soltero
Mujer;28;3,7;332;No;1,52;85,96;Uni-lib
Mujer;29;4,3;289;Si;1,77;65,01;Casado
Mujer;29;4;283;No;1,7;62,79;Casado
Hombre;23;4,5;308;Si;1,76;47,43;Soltero
Mujer;27;3,8;453;Si;1,47;83,4;Casado
Mujer;24;3,6;431;Si;1,47;70,69;Uni-lib
Mujer;17;4,1;100;Si;1,5;68,27;Soltero
Mujer;26;4,2;325;Si;1,41;74,61;Uni-lib
Hombre;23;3,1;343;Si;1,66;68,01;Casado
Hombre;25;3,3;225;No;1,5;53,69;Uni-lib
Hombre;27;4;497;No;1,76;85,95;Uni-lib
Hombre;20;3,4;476;No;1,58;77,46;Soltero
Hombre;25;4,3;243;Si;1,66;78,06;Casado
Mujer;19;4,6;419;Si;1,69;64,36;Uni-lib
Mujer;24;3,6;358;No;1,44;71,59;Soltero
Mujer;24;3,4;460;Si;1,63;77,63;Uni-lib
Hombre;24;4,2;340;No;1,45;54,24;Uni-lib
Mujer;20;3,2;319;Si;1,56;60,75;Uni-lib
Mujer;25;3;118;Si;1,45;84,81;Casado
Hombre;21;4,4;267;Si;1,77;67,32;Soltero
Mujer;16;4,3;216;No;1,75;66,25;Soltero
Hombre;16;3,8;330;No;1,58;47,76;Soltero
Hombre;28;3,2;476;No;1,77;81,77;Casado
Hombre;22;4,4;109;Si;1,75;59,15;Soltero
Mujer;22;3,6;152;No;1,48;52,25;Uni-lib
Hombre;29;3,9;378;Si;1,78;75,51;Casado
Hombre;21;4,8;155;Si;1,59;71,95;Uni-lib
Hombre;24;4,1;246;No;1,75;62,12;Soltero
Hombre;23;3,4;245;Si;1,76;51,56;Soltero
Hombre;15;3,7;67;Si;1,59;60,81;Casado
Hombre;22;4,7;272;No;1,43;65,89;Uni-lib
Hombre;29;4,7;318;Si;1,52;69,18;Casado
Hombre;18;4,4;404;No;1,45;72,7;Uni-lib
Hombre;21;4,3;363;Si;1,56;62,59;Soltero
Hombre;19;4,3;209;No;1,56;70,14;Uni-lib
Mujer;25;4,6;418;No;1,54;79,2;Casado
Hombre;25;4,9;62;No;1,79;66,43;Casado
Hombre;19;3;208;No;1,73;71,95;Casado
Mujer;29;4,7;388;Si;1,57;65,38;Casado
Mujer;30;4,8;488;No;1,53;86,49;Uni-lib
Mujer;29;4;384;No;1,51;50,48;Casado
Mujer;22;5;499;Si;1,51;45,72;Soltero
Hombre;25;3,7;51;Si;1,71;60,17;Soltero
Hombre;23;3,9;291;No;1,8;49,38;Casado
Hombre;25;4,4;198;Si;1,53;59,71;Casado
Mujer;17;4,7;108;No;1,58;78,09;Soltero
Mujer;25;4;476;Si;1,68;52;Casado
Mujer;29;4,6;496;No;1,74;64,92;Soltero
Hombre;26;4,7;220;No;1,74;78,61;Uni-lib
Mujer;28;4,9;487;Si;1,51;67,08;Soltero
Hombre;21;4,2;144;No;1,46;79,65;Soltero
Hombre;17;3,2;361;Si;1,45;62,03;Casado
Mujer;21;3,7;174;Si;1,5;49,13;Uni-lib
Hombre;22;4,6;394;Si;1,66;55,24;Soltero
Hombre;23;4,1;487;No;1,67;55,93;Casado
Hombre;22;3,6;225;No;1,47;58,92;Casado
Hombre;19;4,6;496;Si;1,57;76,06;Uni-lib
Hombre;26;4,9;442;Si;1,66;62,62;Casado
Hombre;29;4,1;286;No;1,47;57,7;Soltero
Mujer;25;4,1;179;No;1,54;80,57;Casado
Mujer;21;4,4;191;No;1,47;52,29;Uni-lib
Hombre;30;3;134;No;1,5;86,29;Uni-lib
Hombre;21;4,1;107;No;1,78;87,41;Soltero
Mujer;24;4;474;No;1,63;66,51;Casado
Hombre;15;3,2;165;Si;1,44;46,15;Uni-lib
Hombre;15;3,5;369;Si;1,68;65,16;Soltero
Hombre;17;4,2;487;No;1,7;47,43;Soltero
Mujer;23;4,4;195;No;1,48;79,83;Casado
Hombre;17;3;106;Si;1,66;67;Soltero
Mujer;21;3;164;No;1,56;88,68;Casado
Hombre;22;4,5;327;No;1,72;71,5;Casado
Hombre;18;4,8;108;No;1,56;81,15;Uni-lib
Mujer;27;4;153;No;1,68;52,19;Casado
Hombre;23;3,6;175;Si;1,47;61,51;Soltero
Mujer;27;3,6;233;Si;1,65;85,97;Casado
Hombre;24;3,2;183;No;1,43;48,9;Casado
Mujer;21;5;390;Si;1,65;62,47;Casado
Mujer;22;3,8;61;No;1,42;69,7;Uni-lib
Mujer;19;3,4;171;Si;1,59;75,05;Casado
Hombre;18;3,7;389;Si;1,68;85,7;Soltero
Mujer;18;4,2;449;No;1,44;87,61;Uni-lib
Hombre;21;4;220;Si;1,5;54,3;Uni-lib
Hombre;16;3,6;221;Si;1,7;66,78;Casado
Hombre;17;3,7;461;No;1,79;45,82;Uni-lib
Mujer;27;4,5;433;No;1,5;58,96;Casado
Hombre;19;3,2;163;No;1,61;73,64;Soltero
Mujer;18;4,4;275;No;1,59;45,78;Soltero
Hombre;29;4,5;461;No;1,58;52,71;Uni-lib
Hombre;18;3,9;315;Si;1,62;76,55;Uni-lib
Hombre;18;3,5;258;Si;1,71;56,1;Soltero
Mujer;18;4,1;114;No;1,4;81,5;Casado
Mujer;29;4;498;Si;1,73;69,79;Casado
Mujer;28;3,8;254;No;1,57;53,88;Casado
Hombre;25;4,7;355;No;1,44;81,1;Soltero
Hombre;30;3,4;63;No;1,4;47,1;Uni-lib
Mujer;28;5;85;No;1,48;63,41;Soltero
Mujer;17;4,6;268;No;1,49;79,02;Uni-lib
Hombre;16;4,3;119;Si;1,42;82,77;Soltero
Hombre;16;3,5;132;Si;1,66;75,74;Casado
Hombre;20;3,8;461;Si;1,51;79,21;Soltero
Mujer;21;3,7;279;No;1,64;67,74;Uni-lib
Hombre;22;5;186;No;1,42;54,31;Casado
Mujer;16;3,2;392;No;1,78;58,26;Soltero
Hombre;26;4,7;203;Si;1,49;84,12;Soltero
Hombre;21;4,3;337;Si;1,7;75,82;Casado
Hombre;23;4,4;277;Si;1,5;62,15;Casado
Mujer;20;4,6;288;No;1,77;79,02;Casado
Mujer;23;4,9;352;Si;1,69;46,19;Uni-lib
Hombre;21;4,4;287;Si;1,56;69,38;Uni-lib
Hombre;18;3,4;275;No;1,79;47,59;Soltero
Mujer;19;3,3;271;No;1,68;58,53;Soltero
Hombre;24;3,8;210;No;1,56;46,13;Casado
Hombre;27;3,5;112;Si;1,78;45,19;Soltero
Hombre;18;3,3;450;Si;1,6;64,14;Soltero
Mujer;25;3,9;185;No;1,45;58,56;Casado
Hombre;16;4,6;81;No;1,47;84,15;Casado
Mujer;20;4,2;326;Si;1,72;67,05;Casado
Hombre;20;4,3;54;Si;1,45;78,44;Uni-lib
Mujer;20;3;377;No;1,63;83,37;Casado
Hombre;20;3,3;252;No;1,53;53,81;Casado
Mujer;18;4,2;266;No;1,55;59,91;Soltero
Mujer;23;3;322;Si;1,6;82,49;Uni-lib
Mujer;28;3,9;379;Si;1,49;89,71;Uni-lib
Mujer;28;4;299;No;1,78;65,86;Casado
Hombre;16;4,2;90;No;1,41;63,51;Uni-lib
Hombre;24;4,1;193;Si;1,75;46,21;Soltero
Hombre;28;3,2;107;No;1,42;79,71;Uni-lib
Mujer;19;3,4;446;Si;1,64;85,5;Soltero
Hombre;20;3,8;389;Si;1,73;65,9;Casado
Mujer;25;3,5;230;No;1,52;62,42;Casado
Mujer;16;3,5;305;Si;1,6;57,02;Uni-lib
Hombre;16;4,5;427;Si;1,44;60,65;Soltero
Mujer;20;4,2;301;No;1,55;65,55;Soltero
Mujer;17;3;169;Si;1,78;52,24;Casado
Mujer;17;4,7;393;No;1,48;76,56;Uni-lib
Mujer;18;3,1;132;No;1,72;83,28;Soltero
Hombre;27;3,7;89;Si;1,69;57,84;Uni-lib
Mujer;19;3,2;482;No;1,4;83,41;Soltero
Hombre;26;4,6;355;No;1,67;68,23;Uni-lib
Mujer;25;3,7;303;Si;1,58;71,36;Uni-lib
Hombre;24;3;463;No;1,66;65,45;Soltero
Hombre;23;3;80;Si;1,58;56,95;Soltero
Mujer;22;4,2;165;Si;1,49;71,68;Casado
Mujer;29;4,2;364;Si;1,68;54,92;Soltero
Mujer;25;4,1;161;Si;1,67;50,36;Casado
Mujer;17;3,6;279;No;1,42;71,17;Casado
Mujer;17;3,2;92;No;1,7;73,01;Soltero
Hombre;26;5;136;No;1,66;68,43;Soltero
Mujer;21;4,9;58;Si;1,59;75,1;Uni-lib
Hombre;25;3,9;428;Si;1,42;66,66;Casado
Mujer;27;3,4;405;Si;1,59;60,6;Soltero
Mujer;20;3;297;Si;1,44;51,88;Casado
Mujer;20;3,1;54;No;1,41;78,16;Soltero
Hombre;26;4,9;106;No;1,43;57,7;Soltero
Mujer;18;4,6;177;No;1,5;70,9;Uni-lib
Hombre;24;3,2;434;Si;1,65;70,64;Soltero
Mujer;20;3,5;174;Si;1,73;54,07;Soltero
Hombre;23;4,7;493;No;1,62;85,41;Casado
Hombre;23;3,8;317;Si;1,55;68,93;Soltero
Hombre;16;3,2;482;Si;1,58;77,64;Uni-lib
Mujer;17;4;358;No;1,51;84,56;Soltero
Hombre;23;4;184;Si;1,53;52,06;Uni-lib
Mujer;27;3,3;247;No;1,65;60,69;Uni-lib
Hombre;22;4,4;61;Si;1,63;79,75;Casado
Hombre;26;3,1;196;No;1,63;48,67;Uni-lib
Mujer;17;3,9;408;Si;1,51;87,42;Uni-lib
Hombre;25;4,7;391;Si;1,79;81,74;Soltero
Mujer;23;4,7;437;Si;1,49;73,9;Soltero
Hombre;17;4,5;117;No;1,44;52,23;Soltero
Hombre;27;3,8;364;Si;1,62;74,72;Soltero
Hombre;19;3,1;336;No;1,73;85,65;Soltero
Hombre;29;3,4;117;No;1,66;66,89;Casado
Mujer;22;4,5;251;No;1,57;59,18;Soltero
Mujer;28;3,6;349;Si;1,53;81,27;Soltero
Hombre;22;3,6;182;Si;1,72;74,33;Casado
Hombre;23;3,4;403;Si;1,43;70,39;Uni-lib
Hombre;21;4,4;138;No;1,57;56,17;Casado
Mujer;17;3,4;340;Si;1,41;64,46;Casado
Mujer;20;4,7;229;No;1,68;61,04;Casado
Hombre;26;3,9;433;No;1,43;85,21;Uni-lib
Mujer;18;4,5;368;Si;1,73;53,26;Uni-lib
Hombre;24;4,5;272;Si;1,6;85,56;Casado
Mujer;29;4,5;417;No;1,76;61,88;Soltero
Mujer;21;4,9;173;Si;1,73;65,18;Uni-lib
Mujer;25;4,6;248;Si;1,66;68,25;Casado
Hombre;18;4,8;76;No;1,71;72,32;Uni-lib
Mujer;26;4,6;116;No;1,5;72,74;Uni-lib
Hombre;22;4,6;302;Si;1,61;65,22;Casado
Hombre;18;4,1;204;Si;1,56;74,73;Uni-lib
Hombre;22;4,9;63;Si;1,53;63,53;Soltero
Hombre;26;4,6;440;Si;1,59;86,17;Soltero
Hombre;17;3,2;442;No;1,56;79,23;Casado
Hombre;22;4,9;54;Si;1,74;77,28;Soltero
Mujer;27;3,2;491;Si;1,58;67,21;Soltero
Mujer;23;4,2;499;No;1,61;69,34;Casado
Hombre;21;4,3;230;No;1,73;82,4;Uni-lib
Hombre;17;4,5;386;No;1,52;80,7;Soltero
Mujer;22;4;450;No;1,74;75,32;Uni-lib
Hombre;20;3,2;206;No;1,77;66,37;Casado
Hombre;22;3,1;182;Si;1,41;82,46;Casado
Hombre;24;4,3;121;No;1,69;47,84;Casado
Hombre;19;4,4;175;No;1,71;82,87;Casado
Mujer;19;3,9;86;Si;1,53;63,57;Soltero
Mujer;22;4,1;336;Si;1,5;69,5;Soltero
Hombre;15;3,7;324;Si;1,58;84,19;Casado
Hombre;15;3,2;106;No;1,77;58,99;Soltero
Mujer;29;3,9;178;Si;1,42;57,43;Soltero
Mujer;20;4,5;488;No;1,65;47,34;Uni-lib
Mujer;15;4,2;130;Si;1,41;71,23;Soltero
Hombre;18;4,4;469;No;1,59;57,7;Casado
Hombre;28;4,8;478;Si;1,7;64,96;Uni-lib
Hombre;27;4,6;422;Si;1,49;86,37;Casado
Hombre;22;4,3;254;No;1,54;68,89;Casado
Mujer;17;3,1;363;Si;1,68;55,96;Casado
Mujer;15;4,3;290;Si;1,45;70,04;Casado
Hombre;18;3,3;428;Si;1,78;53,14;Uni-lib
Hombre;16;4,6;183;No;1,58;74,3;Casado
Hombre;16;4,4;449;Si;1,73;68,28;Uni-lib
Hombre;27;4;304;Si;1,67;64,94;Soltero
Hombre;21;4,7;128;Si;1,61;62,54;Soltero
Hombre;22;4,8;290;No;1,76;72,97;Casado
Mujer;24;3,6;460;No;1,6;89,15;Casado
Hombre;20;4;353;Si;1,76;57,76;Uni-lib
Mujer;26;3,3;341;No;1,4;63,83;Uni-lib
Mujer;19;3,8;337;Si;1,42;78,79;Casado
Hombre;16;5;224;Si;1,63;50,32;Uni-lib
Hombre;28;3,1;375;No;1,42;85,99;Uni-lib
Hombre;20;4,6;367;Si;1,75;53,32;Uni-lib
Hombre;23;4,7;65;No;1,56;59,9;Uni-lib
Mujer;23;4,9;196;Si;1,5;49,49;Casado
Mujer;29;3,9;237;Si;1,57;49,88;Soltero
Mujer;28;3,7;251;No;1,73;73,72;Casado
Hombre;24;3,4;263;No;1,71;72,41;Soltero
Mujer;30;3,3;164;Si;1,48;66,93;Soltero
Hombre;24;4,2;380;No;1,66;86,79;Soltero
Hombre;28;4,8;189;No;1,65;45,49;Uni-lib
Mujer;16;5;316;Si;1,65;48,93;Soltero
Hombre;28;3,3;446;Si;1,74;75,48;Soltero
Hombre;24;4,2;302;Si;1,5;49,71;Uni-lib
Hombre;17;4,8;288;No;1,54;51,9;Casado
Hombre;24;3,3;371;Si;1,55;75,02;Soltero
Mujer;18;3,5;390;No;1,5;52,53;Soltero
Mujer;18;4,4;340;No;1,57;47,12;Uni-lib
Mujer;17;4,5;162;No;1,43;48,6;Casado
Hombre;16;3,9;153;Si;1,76;69,01;Casado
Hombre;15;4,6;157;Si;1,4;84,69;Casado
Mujer;26;3,4;260;No;1,62;85,63;Casado
Mujer;22;4,2;266;Si;1,61;49,51;Casado
Hombre;25;4,6;211;Si;1,55;87,67;Soltero
Hombre;29;3,3;402;Si;1,64;46,56;Uni-lib
Mujer;28;4,7;324;No;1,52;50,07;Uni-lib
Mujer;21;3,5;157;Si;1,48;53,48;Casado
Mujer;23;4,3;438;Si;1,5;88,29;Casado
Mujer;19;4,4;106;Si;1,49;57,33;Soltero
Hombre;27;4,3;329;Si;1,53;54,95;Casado
Hombre;18;4,1;421;No;1,77;81,85;Soltero
Hombre;29;4,1;425;Si;1,63;54,26;Uni-lib
Hombre;23;3,3;160;Si;1,51;71,68;Casado
Hombre;30;5;366;Si;1,63;60,6;Soltero
Hombre;27;3,4;250;Si;1,44;47,26;Soltero
Mujer;27;4,4;335;Si;1,47;77,23;Casado
Mujer;29;3,6;473;No;1,78;60,05;Uni-lib
Mujer;27;3,7;491;No;1,79;84,62;Uni-lib
Hombre;16;4,6;303;No;1,45;85,1;Uni-lib
Mujer;23;3,8;427;No;1,43;81,03;Casado
Hombre;19;4,5;481;No;1,73;59,56;Uni-lib
Hombre;30;3,8;426;Si;1,45;86,64;Soltero
Hombre;23;3,1;451;Si;1,55;66,26;Casado
Hombre;16;3,5;299;Si;1,45;54,25;Casado
Mujer;29;5;147;Si;1,8;85,89;Casado
Hombre;16;3;70;No;1,44;65,82;Uni-lib
Mujer;27;3,3;267;No;1,43;77,41;Uni-lib
Mujer;16;4,4;366;No;1,49;76,35;Uni-lib
Mujer;17;4,2;418;Si;1,65;45,43;Casado
Hombre;25;4,7;279;Si;1,63;56,3;Uni-lib
Hombre;22;3,2;189;No;1,73;62,47;Casado
Hombre;16;3,3;307;Si;1,64;70,05;Casado
Hombre;22;3,1;319;Si;1,64;47,36;Uni-lib
Hombre;19;4,9;134;Si;1,58;78,5;Uni-lib
Mujer;16;4,8;484;No;1,78;63,97;Uni-lib
Hombre;23;4,6;157;Si;1,73;80,25;Casado
Mujer;18;3,1;72;Si;1,67;89,75;Casado
Hombre;25;3,3;211;No;1,78;73,1;Soltero
Mujer;19;3,2;305;No;1,49;86,97;Soltero
Hombre;16;4;335;Si;1,4;83,6;Soltero
Mujer;17;4,7;387;Si;1,71;78,64;Soltero
Hombre;21;4,1;226;No;1,7;70,41;Soltero
Mujer;21;4,1;178;Si;1,54;58,94;Uni-lib
Hombre;23;3,4;116;No;1,61;52,24;Uni-lib
Hombre;19;3,3;122;No;1,61;62,41;Casado
Mujer;21;4,1;349;Si;1,56;55,24;Casado
Hombre;21;3,2;449;No;1,44;64,82;Soltero
Mujer;21;5;495;Si;1,79;73,42;Soltero
Mujer;27;4,1;174;No;1,56;54,57;Uni-lib
Mujer;21;4,7;262;No;1,79;86,47;Uni-lib
Hombre;21;4;416;Si;1,43;71,13;Uni-lib
Hombre;17;4,2;345;Si;1,54;58,89;Soltero
Hombre;24;3;150;Si;1,46;66,29;Soltero
Hombre;26;4;497;Si;1,63;45,39;Uni-lib
Hombre;26;4,8;321;Si;1,77;76,02;Uni-lib
Hombre;16;3,5;493;Si;1,46;46,07;Uni-lib
Mujer;16;4,2;312;No;1,65;52,03;Uni-lib
Mujer;17;4,1;268;No;1,56;60,53;Casado
Mujer;15;4;136;No;1,58;78,59;Uni-lib
Mujer;19;4,7;118;No;1,64;84,13;Casado
Mujer;21;4,8;397;Si;1,62;86,85;Soltero
Hombre;28;3,3;259;Si;1,78;64,07;Uni-lib
Hombre;30;3,5;217;No;1,52;83,64;Casado
Hombre;16;4,5;296;No;1,6;60,77;Soltero
Mujer;30;4,9;54;No;1,42;50,22;Uni-lib
Hombre;18;4,4;208;Si;1,46;52,38;Uni-lib
Hombre;30;4,2;385;No;1,51;88,33;Uni-lib
Hombre;29;4,1;127;Si;1,49;57,26;Uni-lib
Hombre;22;4,4;179;No;1,5;75,98;Soltero
Mujer;28;4,7;405;No;1,41;71,8;Casado
Mujer;22;4,9;141;Si;1,55;73,56;Soltero
Hombre;22;4,1;446;Si;1,72;81,49;Casado
Hombre;27;3,6;255;Si;1,47;47,71;Casado
Mujer;17;5;73;Si;1,6;60,19;Casado
Hombre;23;3,9;173;No;1,67;45,33;Soltero
Mujer;27;4,7;95;Si;1,62;45,68;Casado
Mujer;16;3;189;No;1,42;86,93;Soltero
Mujer;28;3,7;310;No;1,47;88,96;Casado
Mujer;29;4;191;No;1,61;85,97;Soltero
Hombre;25;4,4;331;No;1,57;56,71;Casado
Hombre;29;3,3;369;Si;1,67;61,45;Soltero
Mujer;20;3,9;465;Si;1,65;75,6;Soltero
Hombre;20;3,9;91;No;1,72;74,59;Soltero
Mujer;26;4,4;219;Si;1,52;80,5;Uni-lib
Mujer;17;3,9;408;No;1,58;48,09;Soltero
Mujer;27;4,3;248;No;1,68;81,95;Soltero
Hombre;17;3,3;99;Si;1,7;86,43;Soltero
Mujer;19;3,5;374;Si;1,61;45,61;Soltero
Hombre;17;4,9;454;Si;1,77;54,01;Uni-lib
Hombre;21;4,7;230;No;1,41;86,92;Casado
Hombre;23;4,6;306;Si;1,47;64,19;Soltero
Hombre;19;3,2;463;Si;1,66;60,77;Soltero
Hombre;23;4,5;315;Si;1,47;64,44;Uni-lib
Hombre;21;3,7;219;Si;1,8;59,6;Casado
Mujer;15;3,9;278;No;1,63;81,11;Casado
Hombre;24;4,1;267;Si;1,76;78,72;Uni-lib
Mujer;17;3,5;208;Si;1,51;51,77;Soltero
Mujer;27;3,7;197;No;1,69;86,49;Soltero
Mujer;24;4,3;294;Si;1,53;77,7;Soltero
Hombre;20;4,6;106;Si;1,6;77,11;Uni-lib
Hombre;29;3,8;351;Si;1,64;51;Soltero
Hombre;17;4,3;318;No;1,68;62,2;Uni-lib
Mujer;30;5;56;No;1,55;62,77;Soltero
Mujer;30;4,6;92;No;1,78;56,11;Soltero
Mujer;20;3,7;479;Si;1,67;76,77;Soltero
Hombre;17;4,7;112;Si;1,58;83,09;Soltero
Hombre;17;3,8;366;No;1,66;71,41;Soltero
Mujer;17;5;71;Si;1,42;82,98;Soltero
Mujer;16;4,6;413;Si;1,65;73;Uni-lib
Hombre;26;3,3;433;No;1,46;69,43;Casado
Hombre;21;3,8;429;Si;1,73;58,66;Uni-lib
Hombre;28;3,8;428;No;1,74;46,13;Casado
Hombre;19;4,1;384;Si;1,58;62,67;Uni-lib
Hombre;16;4,1;399;No;1,6;47,42;Uni-lib
Mujer;27;3,2;125;Si;1,72;57,86;Uni-lib
Mujer;17;4,2;482;Si;1,57;88,44;Casado
Hombre;27;3,6;329;Si;1,74;51,67;Uni-lib
Hombre;26;4,1;208;Si;1,63;68,81;Uni-lib
Mujer;26;3,6;104;No;1,75;49,45;Uni-lib
Hombre;26;4,7;171;No;1,75;64,36;Uni-lib
Hombre;27;4,9;415;Si;1,68;84,38;Soltero
Mujer;24;4;299;No;1,68;76,65;Soltero
Mujer;27;4,5;299;Si;1,56;82,34;Casado
Mujer;21;4;312;Si;1,64;84,13;Uni-lib
Mujer;19;4,5;370;No;1,68;76,29;Casado
Hombre;22;4,8;91;No;1,55;57,34;Uni-lib
Mujer;29;4,9;177;Si;1,68;63,53;Soltero
Hombre;29;4,7;390;Si;1,73;87,8;Soltero
Mujer;18;3,8;90;No;1,68;68,71;Soltero
Mujer;17;4,2;74;Si;1,67;55;Soltero
Hombre;23;4,2;436;Si;1,58;77,25;Soltero
Hombre;15;4,7;89;No;1,48;79,56;Uni-lib
Mujer;17;3,2;354;Si;1,44;67,99;Casado
Mujer;29;4,3;136;Si;1,63;72,64;Uni-lib
Hombre;17;4,4;218;No;1,57;51,16;Casado
Hombre;19;4,8;405;Si;1,67;54,27;Uni-lib
Mujer;19;3,6;253;Si;1,68;67,22;Soltero
Mujer;19;3,9;434;No;1,72;79,3;Uni-lib
Mujer;17;4,4;481;No;1,54;75,11;Uni-lib
Mujer;27;4,1;170;No;1,75;52,71;Uni-lib
Mujer;28;4,9;188;Si;1,5;54,6;Soltero
Mujer;28;3,9;79;No;1,54;69,36;Casado
Hombre;18;4;282;Si;1,53;46,35;Uni-lib
